การประเมินภาวะสุขภาพผู้ป่วยผ่าตัดมีเป้าหมายอะไร และครอบคลุมมิติใดบ้างตาม Nursing Process?	เป้าหมายคือนำไปสู่การวินิจฉัยปัญหาทางการพยาบาลและวางแผน/ให้การพยาบาลที่เหมาะสม เพื่อความปลอดภัยของผู้ป่วยผ่าตัดทุกระยะ (pre-intra-post op) โดยประเมินครอบคลุม 5 มิติ คือ Physiological (ร่างกาย) Psychological (จิตใจ) Sociocultural (สังคมวัฒนธรรม) Spiritual (จิตวิญญาณ) และ Environmental (สิ่งแวดล้อม) - หลักคิดคือผู้ป่วยผ่าตัดไม่ได้มีแค่ปัญหาทางกาย การมองรอบด้านช่วยป้องกันความเสี่ยงที่คาดไม่ถึง เช่น ความวิตกกังวลที่ทำให้ผู้ป่วยไม่ร่วมมือ หรือปัจจัยแวดล้อมที่เพิ่มความเสี่ยงหกล้ม [สไลด์]	topic1
ปัจจัยใดบ้างที่กำหนดว่าการประเมินภาวะสุขภาพจะมีประสิทธิภาพหรือไม่?	3 ปัจจัยหลัก: (1) ความครบถ้วนของข้อมูล (2) ความถูกต้องของข้อมูล (3) มีระบบบันทึกข้อมูลที่ดีและเชื่อถือได้ - ทั้งสามข้อเชื่อมโยงกัน ข้อมูลครบแต่ไม่ถูกต้อง หรือถูกต้องแต่บันทึกไม่ดีจนสื่อสารต่อผิดพลาด ล้วนทำให้การวางแผนพยาบาลผิดพลาดและกระทบ Patient Safety ซึ่งเป็นแกนหลักของหัวข้อนี้ [สไลด์]	topic1
การประเมินภาวะสุขภาพแบ่งเป็น 4 ประเภท อะไรบ้าง และแต่ละแบบใช้ในสถานการณ์ใด?	1) Initial Comprehensive Assessment - ประเมินครอบคลุมทุกระบบตอนแรกรับเข้า รพ. 2) Ongoing/Partial Assessment - ประเมินซ้ำเฉพาะบางส่วนเพื่อติดตามปัญหาที่เคยพบ 3) Focused/Problem-Oriented Assessment - ประเมินเจาะจงเฉพาะปัญหาเมื่อมีข้อมูลพื้นฐานครบแล้ว เช่น ปวดแผลผ่าตัดก็เน้นประเมินเฉพาะแผลและปวด 4) Emergency Assessment - ใช้เมื่อผู้ป่วยมีภาวะคุกคามชีวิต ยึดหลัก ABCD (Airway, Breathing, Circulation, Disability) - ข้อสอบมักให้โจทย์สถานการณ์แล้วถามว่าเป็นประเมินแบบใด ให้ดูจาก "จุดเวลา" และ "ขอบเขต" ของการประเมินเป็นตัวตัดสิน [สไลด์]	topic1
ผู้ป่วยก่อนผ่าตัดมีประวัติกินยาต้านการแข็งตัวของเลือด (anticoagulant) เป็นประจำ จัดอยู่ใน domain การประเมินใด และเสี่ยงต่อภาวะแทรกซ้อนอะไร?	จัดอยู่ใน domain "Bleeding & Medication" ซึ่งต้องประเมิน anticoagulant, antiplatelet และค่าการแข็งตัวของเลือด (coagulation) - ความเสี่ยงหลักคือ Bleeding (เลือดออกผิดปกติระหว่าง/หลังผ่าตัด) พยาบาลจึงต้องซักประวัติยาที่ใช้และอาจต้องประสานแพทย์พิจารณาหยุดยาก่อนผ่าตัดตามระยะเวลาที่เหมาะสม [สไลด์]/[เสริม]	topic1
ก่อนผ่าตัด พยาบาลต้องประเมินอะไรบ้างแบบเร่งด่วน และหาข้อมูลจากแหล่งใดได้บ้าง โดยเฉพาะกรณี Ambulatory surgery?	สิ่งที่ประเมิน: Level of consciousness, Pallor/Cyanosis/Jaundice/ผื่นผิวหนัง/บวม, แผล/บริเวณบาดเจ็บ, ความปวด, สถานะ NPO/IV therapy, Vital signs, ฟันปลอม, Contact lens, ความสามารถช่วยเหลือตนเอง - แหล่งข้อมูล: Quick physical inspection, Review chart, สอบถามญาติ/ผู้ดูแล, และ "โทรศัพท์" ซึ่งใช้เฉพาะกรณี Ambulatory surgery (ผ่าตัดแบบไม่ค้างคืน) เพื่อประเมินความพร้อมก่อนมาถึง รพ. [สไลด์]	topic1
การซักประวัติ (History taking) ก่อนผ่าตัดประกอบด้วยองค์ประกอบใดบ้าง?	6 องค์ประกอบ: Present history (Chief complaint + Present illness), Past medical history, Family history, Psychological history, Social history, และ Functional Health Pattern - ครอบคลุมทั้งมิติกาย ใจ สังคม ตรงกับ 5 มิติของการประเมินที่กล่าวถึงในหลักการทั่วไป [สไลด์]	topic1
COLDSPA คืออะไร ใช้ทำอะไร และจากเคส Acute Appendicitis ในสไลด์ แต่ละตัวอักษรสอดคล้องกับข้อมูลใด?	COLDSPA เป็น mnemonic วิเคราะห์อาการ (Symptom Analysis) ใช้ซักประวัติ Present illness อย่างเป็นระบบ ได้แก่ Character (ลักษณะอาการ), Onset (เริ่มเมื่อไร), Location (ตำแหน่ง/ร้าวหรือไม่), Duration (นานเท่าไร เป็นๆหายๆหรือไม่), Severity (รุนแรงแค่ไหน), Pattern (อะไรทำให้ดีขึ้น/แย่ลง), Associated factors (อาการร่วม) - ตัวอย่างเคส Appendicitis: Onset = ปวดกะทันหันเมื่อ 24 ชม.ก่อน, Location = ย้ายจากรอบสะดือไปท้องน้อยขวาใน 12 ชม.แรก, Severity = Pain scale 8, Associated = คลื่นไส้อาเจียน 2 ครั้ง+ไข้ต่ำๆ - จุดสำคัญคือ Location ที่ "ย้ายตำแหน่ง" เป็น key finding ของ Appendicitis [สไลด์]	topic1
SAMPLE mnemonic ใช้ประเมินอะไร และแต่ละตัวอักษรย่อมาจากอะไร?	ใช้ซัก Past medical history/secondary survey ได้แก่ Signs and Symptoms, Allergies (แพ้ยาชา/ยาสลบ/ยาปฏิชีวนะ/อาหาร/สารเคมี), Medication (ยาประจำ/ยาสมุนไพร), Past History (เจ็บป่วย/บาดเจ็บ/ผ่าตัด/ระงับความรู้สึกในอดีต), Last oral intake, Event (เหตุการณ์นำมาสู่การเจ็บป่วยครั้งนี้) - ข้อควรระวัง: Medication ต้องถามรวมยาสมุนไพรด้วย เพราะสมุนไพรบางชนิด เช่น กระเทียม แปะก๊วย มีผลต่อการแข็งตัวของเลือดเช่นกัน [สไลด์]/[เสริม]	topic1
ทำไมพยาบาลต้องซักประวัติการดมยาสลบในอดีต และ Malignant Hyperthermia มีอาการแสดงอย่างไร?	ต้องซักเพราะ Malignant Hyperthermia (ภาวะไข้สูงร้ายแรงจากยาสลบ) เป็นภาวะแทรกซ้อนที่อันตรายถึงชีวิตและมีแนวโน้มเป็นซ้ำหากเคยเกิดมาก่อนหรือมีประวัติครอบครัว อาการแสดง: กล้ามเนื้อเกร็งแข็ง, หายใจเร็วหอบเหนื่อย, ไข้สูงฉับพลัน, ปัสสาวะสีเข้ม, เหงื่อออกมาก, Tachycardia, Severe acidosis, และ PONV รุนแรง - กลไกคือยาสลบบางชนิด เช่น succinylcholine, volatile anesthetics กระตุ้นการหดตัวของกล้ามเนื้อโครงร่างแบบควบคุมไม่ได้ ทำให้เผาผลาญพลังงานสูงจนเกิดไข้สูงและกรดคั่ง [สไลด์]/[เสริม]	topic1
ปัจจัยเสี่ยงของ PONV (Postoperative Nausea and Vomiting) ในเด็กและผู้ใหญ่แตกต่างกันอย่างไร?	เด็ก: อายุ >3 ปี, ระยะเวลาผ่าตัดนาน >30 นาที, มีประวัติ PONV หรือเมารถของตนเอง/ครอบครัว, การผ่าตัดแก้ไขตาเข (strabismus surgery) - ผู้ใหญ่: เพศหญิง, เคยมี PONV หรือเมารถ/เมาเรือมาก่อน, ไม่สูบบุหรี่ (Non-smoking - พบว่าคนไม่สูบบุหรี่เสี่ยง PONV มากกว่า), การใช้ Volatile Anesthetics, การใช้ Opioids, และ Laparoscopic Surgery - ข้อสอบมักถามแยกกลุ่มอายุ อย่าจำปนกัน [สไลด์]	topic1
BALD CHASM คืออะไร และใช้ในการประเมินส่วนใด?	เป็น mnemonic ที่ใช้ช่วยซักประวัติครอบครัว (Family history) เพื่อประเมินโรคทางพันธุกรรม โรคเรื้อรัง และสาเหตุการเสียชีวิตของสมาชิกในครอบครัว - หมายเหตุ: เนื้อหาต้นฉบับที่มีไม่ได้ขยายความหมายของตัวย่อแต่ละตัวไว้ ควรตรวจสอบเพิ่มจากเอกสารอาจารย์หรือสไลด์ต้นฉบับก่อนสอบ [สไลด์]	topic1
การประเมินด้านจิตสังคมก่อนผ่าตัดดูอะไรบ้าง และเกณฑ์ "ความพร้อมที่บ้าน" (Home Support) สำหรับผู้ป่วยที่จะกลับบ้านมีอะไรบ้าง?	ด้านจิตสังคม: Anxiety level (ระดับความวิตกกังวล), Health Literacy (ความรู้ความเข้าใจด้านสุขภาพ), Self-Efficacy (ความเชื่อมั่นในการจัดการความปวด/ดูแลแผลด้วยตนเองที่บ้าน) - Home Support ต้องมี "Responsible Adult" (ผู้ใหญ่ที่รับผิดชอบดูแลได้) ระยะทางบ้านถึง รพ. ไม่เกิน 1 ชั่วโมง เผื่อกรณีฉุกเฉินหลังกลับบ้าน และมีโทรศัพท์มือถือพร้อมใช้ติดต่อได้ - ทั้งหมดนี้สำคัญมากสำหรับผู้ป่วย Ambulatory/Day surgery ที่ไม่ได้นอนค้างที่ รพ. [สไลด์]	topic1
Pre-habilitation ก่อนผ่าตัดทำอะไรบ้าง และ Teach-back Method คืออะไร ทำไมจึงสำคัญ?	Pre-habilitation ประกอบด้วย: ให้ข้อมูลลายลักษณ์อักษรแก่ผู้ป่วย, ใช้ Teach-back Method, เตรียมความพร้อมด้าน NPO และทำความสะอาดร่างกาย, สร้างความเข้าใจเกี่ยวกับชนิดการผ่าตัดและวิธีระงับความรู้สึก - Teach-back Method คือการให้ผู้ป่วยพูดทวนสิ่งที่ได้รับการสอนกลับมาด้วยคำพูดของตนเอง เพื่อยืนยันว่าเข้าใจถูกต้องจริง ไม่ใช่แค่ถามว่า "เข้าใจไหม" ซึ่งผู้ป่วยมักตอบว่าเข้าใจทั้งที่ไม่เข้าใจ วิธีนี้ช่วยลด Health Literacy gap และเพิ่มความร่วมมือ/ความปลอดภัยของผู้ป่วย [สไลด์]/[เสริม]	topic1
Functional Health Pattern ของ Gordon มีทั้งหมด 11 แบบแผน อะไรบ้าง?	1) การรับรู้สุขภาพ 2) โภชนาการ/เมตาบอลิสม 3) การขับถ่าย 4) กิจกรรม/ออกกำลังกาย 5) การพักผ่อนนอนหลับ 6) สติปัญญา/การรับรู้ 7) การรับรู้ตนเอง/อัตมโนทัศน์ 8) บทบาท/สัมพันธภาพ 9) เพศ/การเจริญพันธุ์ 10) การปรับตัว/ความทนทานต่อความเครียด 11) คุณค่า/ความเชื่อ - ใช้เป็นกรอบประเมินแบบองค์รวม (holistic) ครอบคลุมทั้งกาย จิต สังคม ไม่ใช่แค่ระบบร่างกาย [สไลด์]	topic1
การประเมินระหว่างผ่าตัด (Intra-operative) ด้านสรีรวิทยาต้องติดตามอะไร และมีความเสี่ยง/ภาวะแทรกซ้อนสำคัญอะไรบ้าง?	ต้องติดตามการสูญเสียสารน้ำ/อิเล็กโตรไลท์/เลือด และ Vital signs ตลอดการผ่าตัด - ความเสี่ยง/ภาวะแทรกซ้อนสำคัญ 3 อย่างที่สไลด์เน้น: Hypothermia (อุณหภูมิกายต่ำ จากห้องผ่าตัดเย็นและเปิดแผลนาน), Airway obstruction, และ Bleeding - สามภาวะนี้ล้วนเกิดขึ้นได้เงียบๆ ระหว่างผ่าตัดจึงต้องเฝ้าระวังต่อเนื่อง ไม่ใช่ประเมินครั้งเดียว [สไลด์]	topic1
การประเมินด้านความปลอดภัยระหว่างผ่าตัด (Intra-op safety) ครอบคลุมอะไรบ้าง?	ครอบคลุม: Identify ผู้ป่วยให้ถูกต้อง (patient identification), Maintain aseptic/controlled environment (รักษาสิ่งแวดล้อมปลอดเชื้อ), เตรียมอุปกรณ์เฉพาะรายผู้ป่วย, นับจำนวนผ้าซับโลหิต/เข็ม/เครื่องมือ (sponge-needle-instrument count) ก่อนและหลังผ่าตัดเพื่อป้องกันของตกค้างในร่างกาย, การจัดท่าผู้ป่วย (positioning) เพื่อป้องกันการบาดเจ็บจากท่าที่ไม่เหมาะสม, และการเคลื่อนย้ายเข้า-ออกห้องผ่าตัดอย่างปลอดภัย [สไลด์]	topic1
เกณฑ์จำนวนบุคลากรและอุปกรณ์ในการเคลื่อนย้ายผู้ป่วยขึ้นอยู่กับน้ำหนักผู้ป่วยอย่างไร (ตัวเลขที่ต้องจำแม่นสำหรับสอบ)?	นอนหงายราบ→นอนหงายราบ: ถ้าน้ำหนัก < 71.4 kg ใช้บุคลากร ≥4 คน + อุปกรณ์ช่วย เช่น Pat slide; ถ้า > 71.4 kg ใช้เครื่องช่วยยก + บุคลากร ≥3-4 คน - นอนหงายราบ→นอนคว่ำ (prone): ถ้าน้ำหนัก < 33 kg ใช้บุคลากร 2-3 คน; ถ้า > 33 kg ใช้เครื่องช่วยยก + บุคลากร ≥3-4 คน - จุดสังเกต: ตัวเลข cutoff ต่างกันตามท่าที่เปลี่ยน 71.4 kg สำหรับหงาย↔หงาย, 33 kg สำหรับหงาย→คว่ำ เพราะท่า prone มีความเสี่ยงต่อการบาดเจ็บ/พลัดตกสูงกว่าจึงใช้เกณฑ์น้ำหนักที่ต่ำกว่ามาก [สไลด์]	topic1
การประเมินระดับความรู้สึกตัวของผู้ป่วยใน PACU (ห้องพักฟื้น) ใช้เครื่องมือใด?	ใช้ Modified Aldrete Score หรือ Post-anesthesia Recovery Score (PARS) เป็นเครื่องมือมาตรฐานประเมินความพร้อมของผู้ป่วยก่อนย้ายออกจาก PACU โดยประเมินหลายด้าน เช่น กิจกรรม การหายใจ การไหลเวียนเลือด ความรู้สึกตัว และสีผิว - คะแนนรวมที่สูงพอตามเกณฑ์ของ รพ. บ่งบอกว่าผู้ป่วยฟื้นจากยาสลบเพียงพอที่จะย้ายไปหอผู้ป่วยหรือกลับบ้านได้อย่างปลอดภัย [สไลด์]	topic1
นอกจากความรู้สึกตัว การประเมินหลังผ่าตัด (Post-op/PACU) ต้องครอบคลุมระบบ/ด้านใดอีกบ้าง?	ครอบคลุม: Respiratory (การหายใจ, SpO₂, Airway obstruction), Circulatory (ความดันโลหิตสูง/ต่ำ, HR, การไหลเวียนส่วนปลาย), Neurological (motor/sensory โดยเฉพาะผ่าตัดที่เกี่ยวข้องกับ CNS), Temperature regulation (hypothermia/hyperthermia), Common complications (PONV, การประเมินความปวด), Surgical wound (เลือดออกผิดปกติ, Dressing & drains, การดูแลแผล), Fluid and Electrolyte Balance (monitor I/O), Urinary assessment (urinary retention), การสื่อสารกับญาติ, และการเตรียมย้ายไปหอผู้ป่วยหรือกลับบ้าน - ครบทุกระบบเหมือนการประเมินองค์รวมแบบ Initial Comprehensive แต่เน้นเจาะจงประเด็นหลังผ่าตัด [สไลด์]	topic1
ทำไมต้องทำ Surgical Risk Assessment และมีองค์ประกอบอะไรบ้าง?	ความสำคัญ: ช่วยวางแผนดูแลเฉพาะราย (Personalized care plans), สนับสนุน Informed consent, ลดภาวะแทรกซ้อน (Minimizing complications), และจัดสรรทรัพยากรอย่างเหมาะสม (Resource allocation) - องค์ประกอบ: ประวัติทางการแพทย์ (โรคเรื้อรัง เช่น HT DM CVD CKD โรคระบบหายใจ, ประวัติผ่าตัดเดิม), การตรวจร่างกาย (สภาพทั่วไป, BMI, functional status), การตรวจทางห้องปฏิบัติการ/imaging (CBC, electrolytes, renal/liver function, CXR, ECG, PFT เฉพาะ high-risk), เครื่องมือ Risk stratification, การประเมินตัวหัตถการผ่าตัดเอง (ความซับซ้อน/ระยะเวลา, Emergency vs Elective, ความเสี่ยงจากการระงับความรู้สึก) [สไลด์]	topic1
เครื่องมือ Risk stratification ทั้ง 3 ชนิดที่ใช้ประเมินความเสี่ยงก่อนผ่าตัด แต่ละตัวใช้ประเมินอะไร ต่างกันอย่างไร?	1) ASA Physical Status Classification - จัดระดับสุขภาพทั่วไปของผู้ป่วยก่อนผ่าตัด (1-6) 2) Revised Cardiac Risk Index (RCRI) - ประมาณความเสี่ยงภาวะแทรกซ้อนทางหัวใจช่วงรอบผ่าตัด (perioperative cardiac risk) 3) Charlson Comorbidity Index (CCI) - ทำนายอัตราการเสียชีวิตใน 10 ปี (10-year mortality) จากโรคร่วม - ข้อสอบมักถามแยกว่าเครื่องมือไหนเน้นเรื่องอะไร อย่าจำสลับกัน: ASA=สุขภาพโดยรวม, RCRI=หัวใจเฉพาะช่วงผ่าตัด, CCI=พยากรณ์ระยะยาว 10 ปี [สไลด์]	topic1
ASA Physical Status Classification แบ่งเป็นกี่ระดับ แต่ละระดับมีลักษณะอย่างไร และถ้าเป็นผ่าตัดฉุกเฉินต้องเติมอะไร?	แบ่งเป็น 6 ระดับ: ASA1 = สุขภาพแข็งแรงดี ไม่มีความผิดปกติทางสรีรวิทยา มีเพียงโรคที่มาผ่าตัด (mortality 0.06-0.08%); ASA2 = พยาธิสภาพเล็กน้อย เช่น สูงอายุ หรือ HT/โรคหัวใจที่คุมอาการได้ดี (0.27-0.4%); ASA3 = พยาธิสภาพรุนแรงขึ้นเป็นอุปสรรคต่อการดำเนินชีวิต เช่น DM มีภาวะแทรกซ้อน ไตวายต้องฟอกเลือด (1.8-4.3%); ASA4 = พยาธิสภาพรุนแรงมาก คุมด้วยยา/ผ่าตัดไม่ได้ อันตรายต่อชีวิต เช่น ระบบหายใจล้มเหลวต้องใช้เครื่องช่วยหายใจ (สไลด์ระบุ 7.8-2.3% ซึ่งเป็นตัวเลขที่ปรากฏในต้นฉบับ แม้จะดูขัดแย้งเชิงตรรกะ ให้จำตามที่สไลด์ระบุไว้สำหรับสอบ); ASA5 = มีชีวิตอยู่ได้เพียง 24 ชม. ไม่ว่าจะรักษาด้วยยาหรือผ่าตัด (9.4-5.1%); ASA6 = สมองตาย มาผ่าตัดเพื่อบริจาคอวัยวะ (100%) - ถ้าเป็นการผ่าตัดฉุกเฉิน ให้เติมอักษร "E" ต่อท้าย เช่น ASA3E [สไลด์]	topic1
Charlson Comorbidity Index (CCI) มีการให้คะแนนอย่างไร และคะแนนรวมแต่ละช่วงแปลผลว่าอย่างไร?	ให้คะแนนตามกลุ่มโรคร่วม เช่น MI, โรคปอดเรื้อรัง, ภาวะสมองเสื่อม, DM ไม่มีภาวะแทรกซ้อน, Rheumatoid disease = 1 คะแนน; DM มีภาวะแทรกซ้อนเรื้อรัง, Hemiplegia/Paraplegia, โรคไต, Lymphoma, Leukemia, Malignancy = 2 คะแนน; โรคตับระดับปานกลาง-รุนแรง = 3 คะแนน; Metastatic solid tumor หรือ AIDS = 6 คะแนน (มี 2 ระบบคะแนนคือ cCCI แบบดั้งเดิม และ uCCI แบบปรับปรุงซึ่งให้น้ำหนักบางโรคต่างกัน เช่น Dementia=2 ใน uCCI) - แปลผลคะแนนรวม: 0 = No comorbidities, 1-2 = Low risk of mortality, 3-4 = Moderate risk of mortality, 5+ = High risk of mortality ต้องเฝ้าระวังใกล้ชิดและวางแผนดูแลพิเศษ [สไลด์]	topic1
การประเมินภาวะโภชนาการก่อนผ่าตัดดูอะไรบ้าง ใช้เครื่องมือ/ค่าอะไรเป็นตัวชี้วัด และมีสถิติสำคัญอะไรที่ควรจำ?	สิ่งที่ประเมิน: น้ำหนักที่ลดลง, ประวัติการกินอาหาร/ออกกำลังกาย, ภาวะ anorexia/bulimia, BMI, และระดับการขาดสารอาหารดูจากค่า Albumin ในเลือด (โดยเฉพาะผู้สูงอายุที่ต้องผ่าตัดนานอาจพิจารณาให้ Preoperative TPN) - สำหรับผู้ป่วยศัลยกรรม/ออร์โธปิดิกส์ ใช้เครื่องมือวัดร่างกายเพิ่มเติมคือ MAC (Mid Arm Circumference - เส้นรอบวงต้นแขน), TSF (Triceps Skin Fold Thickness - ความหนาไขมันใต้ผิวหนังต้นแขน), MAMC (Mid Arm Muscle Circumference - เส้นรอบวงกล้ามเนื้อต้นแขน) ซึ่งสะท้อนทั้งไขมันสะสมและมวลกล้ามเนื้อ - สถิติสำคัญ: ผู้ป่วยผ่าตัด 15.80% มีความเสี่ยงสูงต่อภาวะทุพโภชนาการ ซึ่งสัมพันธ์กับการฟื้นตัวหลังผ่าตัดที่ล่าช้าลง เช่น แผลหายช้า ภูมิต้านทานต่ำ [สไลด์]/[เสริม]	topic1
การดูแลผู้ป่วยแบบองค์รวม (Holistic care) หมายถึงอะไร และเกี่ยวข้องกับ Biopsychosocial model อย่างไร?	Holistic care = การดูแลครบทุกมิติที่ส่งผลต่อความเจ็บป่วย ได้แก่ ร่างกาย อารมณ์ สังคม และจิตวิญญาณ ไม่ใช่ดูแลเฉพาะโรคทางกาย; Biopsychosocial model คือกรอบแนวคิดที่ใช้ประเมินสุขภาพครบทุกมิติดังกล่าว ภาวะสุขภาพ = ผลรวมของร่างกาย-จิตใจ-สังคม-จิตวิญญาณ การประเมินจึงต้องครบทุกด้านเพื่อวางแผนการพยาบาลที่เหมาะกับผู้ป่วยแต่ละราย [สไลด์]	topic2
ทำไมการผ่าตัดจึงถือเป็น "สถานการณ์วิกฤต" ที่ทำให้ต้องประเมินภาวะจิตสังคมของผู้ป่วยเป็นพิเศษ?	เพราะการผ่าตัดเป็นการคุกคามต่อชีวิตและเป็นสถานการณ์วิกฤต ก่อให้เกิดความเครียด/วิตกกังวลสูง โดยเฉพาะขณะรอในห้องรอผ่าตัดที่ผู้ป่วยมักกลัวโดยไม่ทราบสาเหตุชัดเจน เนื่องจากสิ่งแวดล้อมแปลกใหม่และต้องแยกจากบุคคลใกล้ชิด ความวิตกกังวลที่เพิ่มขึ้นจะนำไปสู่การเปลี่ยนแปลงทั้งร่างกาย จิตใจ และพฤติกรรม ซึ่งกลายเป็นปัญหา/อุปสรรคต่อการผ่าตัดได้ [สไลด์]	topic2
ความวิตกกังวลก่อนผ่าตัดใหญ่ส่งผลเสียต่อร่างกายผู้ป่วยอย่างไรบ้าง (อธิบายกลไก)?	1) ต้องใช้ยาระงับความรู้สึกมากขึ้น ฟื้นตัว/ปรับสภาพหลังผ่าตัดช้า 2) ร่างกายหลั่ง Catecholamine และ Corticosteroid เข้ากระแสเลือดมากขึ้น ทำให้หัวใจเต้นผิดจังหวะและการหายใจผิดปกติ 3) หลั่ง Glucocorticoids มากกว่าปกติ ซึ่งกดภูมิคุ้มกันและกระบวนการซ่อมแซมเนื้อเยื่อ ทำให้แผลหายช้าและอักเสบง่าย (กลไกกดภูมิคุ้มกันนี้เป็นความรู้เสริมเพื่อให้เข้าใจ [เสริม]) 4) ความดันโลหิตสูงขึ้นทั้งขณะและหลังผ่าตัด งานวิจัยพบผู้ป่วยที่มาผ่าตัด 43% มีความดันโลหิตสูง และ 24.6% ต้องเลื่อนผ่าตัดเพื่อคุมความดันก่อน [สไลด์]	topic2
งานวิจัยของศิริราชเรื่องการเยี่ยมให้ความรู้ก่อนผ่าตัด พบผลอย่างไร และมีความสำคัญต่อบทบาทพยาบาลอย่างไร?	พบว่าผู้ป่วยทั้งกลุ่มที่ไม่เป็นมะเร็งและเป็นมะเร็งที่ได้รับการเยี่ยมให้ความรู้ก่อนผ่าตัด มีความวิตกกังวลในวันผ่าตัดน้อยกว่ากลุ่มที่ไม่ได้รับการเยี่ยม โดยลดลงทันทีหลังเยี่ยมและลดต่อเนื่องจนถึงวันผ่าตัด (พรทิพย์ ศุภมณี และคณะ, 2554) แสดงว่าการเยี่ยมก่อนผ่าตัดของพยาบาลเป็นการแทรกแซงที่มีหลักฐานเชิงประจักษ์รองรับ ไม่ใช่แค่ธรรมเนียมปฏิบัติ [สไลด์]	topic2
"ความคาดหวังก่อนผ่าตัด 3 ด้าน" ตามสไลด์มีอะไรบ้าง และต่างจาก "ความต้องการก่อนผ่าตัด 3 ด้าน" อย่างไร (จุดที่ข้อสอบชอบสับสน)?	ความคาดหวังก่อนผ่าตัด 3 ด้าน คือ (1) ข้อมูลก่อนผ่าตัด เช่น การฟื้นฟูหลังผ่าตัด กิจกรรมที่ทำได้ สภาพแวดล้อม (2) การดูแลจากพยาบาลห้องผ่าตัด เช่น ต้อนรับยิ้มแย้ม พูดจาสุภาพให้กำลังใจ (3) จิตวิญญาณ เช่น ให้ความหวัง หาสิ่งยึดเหนี่ยวจิตใจ ส่วนความต้องการก่อนผ่าตัด 3 ด้าน คือ Information/Emotional/Spiritual ทั้งสองชุดคล้ายกันแต่ชื่อหมวดต่างกัน (ด้าน 2 คือ "การดูแลจากพยาบาล" vs "อารมณ์") ข้อสอบมักเช็คว่าโจทย์ถามชุดไหน ต้องอ่านคำถามให้ดี [สไลด์]	topic2
ปัญหาทางจิตใจที่พบบ่อยในผู้ป่วยที่จะเข้ารับการผ่าตัด (ก่อนผ่าตัด) มีอะไรบ้าง?	วิตกกังวล (เกี่ยวกับการผ่าตัด การปฏิบัติตัว สุขภาพหลังผ่าตัด), กลัว (กลัวผ่าตัดไม่สำเร็จ เสียชีวิต พิการ เจ็บปวด หรือไม่ฟื้น), และทุกข์ทรมานจากแผลผ่าตัด [สไลด์]	topic2
การเยี่ยมผู้ป่วยก่อนผ่าตัดโดยพยาบาลห้องผ่าตัด (Pre-operative visit) มีประโยชน์อย่างไร?	ช่วยเริ่มต้นสัมพันธภาพและความเข้าใจอันดีระหว่างพยาบาลกับผู้ป่วย ทำให้ผู้ป่วยคุ้นเคยอบอุ่นใจ มั่นใจว่าจะได้รับการช่วยเหลือ ลดความวิตกกังวล และช่วยให้ปฏิบัติตัวถูกต้อง เพราะได้รับข้อมูลเรื่องขั้นตอนผ่าตัด สถานที่ บุคลากร และการปฏิบัติตัวล่วงหน้า [สไลด์]	topic2
Subjective data กับ Objective data ในการประเมินภาวะจิตสังคมต่างกันอย่างไร พร้อมยกตัวอย่าง?	Subjective data คือข้อมูลจากคำบอกเล่าโดยตรงของผู้ป่วย ผ่านการสอบถาม/สัมภาษณ์ ต้องอาศัยการสร้างสัมพันธภาพและเทคนิคการสัมภาษณ์ที่เหมาะสมจึงจะได้ข้อมูลที่แท้จริง ส่วน Objective data คือข้อมูลจากการสังเกตของผู้ประเมิน หรือจากรายงานแพทย์/เวชระเบียน/เอกสาร เช่น สังเกตลักษณะทั่วไป สีหน้า ท่าทาง น้ำเสียง และพฤติกรรมขณะสนทนา [สไลด์]	topic2
วิธีการรวบรวมข้อมูลภาวะจิตสังคมมีกี่วิธี อะไรบ้าง และการสัมภาษณ์ควรใช้คำถามแบบใด?	มี 3 วิธีหลัก คือ 1) การสังเกต (Observation) เช่น พฤติกรรมทั่วไป สีหน้า ท่าทาง การเดิน การแต่งกาย ความสะอาด น้ำเสียง 2) การซักถาม/สัมภาษณ์ (Interviewing) ควรใช้คำถามปลายเปิด (Open-ended question) เช่น "วันนี้เป็นอย่างไรบ้างคะ" เพื่อให้ผู้ป่วยเล่าเรื่องได้อย่างอิสระไม่ชี้นำคำตอบ 3) การตรวจสภาพจิต (Mental status examination) [สไลด์]	topic2
ทักษะสำคัญที่พยาบาลต้องใช้ในการประเมินภาวะจิตสังคมมีอะไรบ้าง?	ช่างสังเกต (Observation), ทักษะการฟัง (Listening), การยอมรับผู้ป่วยโดยไม่ตัดสิน (Accepting), ความเข้าใจความรู้สึกของผู้ป่วย (Empathy), และความเข้าใจบริบท ความเชื่อ ค่านิยม วัฒนธรรมของผู้ป่วย (Understanding) [สไลด์]	topic2
ในการสัมภาษณ์ผู้ป่วยก่อนผ่าตัด ควรใช้เทคนิคอะไรบ้าง และควรหลีกเลี่ยงคำถามแบบใด?	ควรเริ่มด้วยประโยคกว้าง ๆ ที่แสดงความเข้าใจ (empathy) เช่น "วันนี้ดูคุณเครียด ๆ" ใช้คำถามปลายเปิดและหลีกเลี่ยงคำถามนำหรือคำถามปลายปิด ใช้ภาษาเข้าใจง่ายเหมาะกับระดับความรู้ของผู้ป่วย ระวังคำพูดที่กระทบจิตใจ ใช้น้ำเสียง/ภาษาที่ไม่ตัดสิน (โดยเฉพาะเรื่องละเอียดอ่อน เช่น สารเสพติด การถูกทารุณกรรม) ถามทีละประเด็นไม่กระโดดไปมา จัดสิ่งแวดล้อมให้เป็นส่วนตัวเงียบสงบ และให้ความมั่นใจเรื่องการรักษาความลับ (confidentiality) [สไลด์]	topic2
องค์ประกอบภาวะจิตสังคมแบ่งเป็นกี่มิติ อะไรบ้าง?	แบ่งเป็น 5 มิติ ได้แก่ ร่างกาย (Physical), อารมณ์ (Emotional), สติปัญญา (Intellectual), สังคม (Social), และจิตวิญญาณ (Spiritual) [สไลด์]	topic2
ลักษณะภายนอกที่ผิดปกติ 3 แบบ (Bizarre appearance, Over-bright clothing, Poor grooming) พบในผู้ป่วยกลุ่มใดตามลำดับ?	Bizarre appearance (รูปลักษณ์แปลกประหลาด) พบในผู้ป่วยจิตเภท (Schizophrenia) และบุคลิกภาพผิดปกติ (Personality disorder); Over-bright clothing (แต่งตัวสีฉูดฉาดเกินความเหมาะสม) พบในผู้ป่วยที่มีอารมณ์ครื้นเครงผิดปกติ (Mania); Poorly grooming (ละเลยการแต่งกาย/ดูแลตนเอง) พบในผู้ป่วยจิตเภทและโรคซึมเศร้า (Depression) เหตุผลเสริม: Mania ทำให้มั่นใจตนเองสูงเกินจริงจึงแต่งตัวโดดเด่น ส่วน Depression/จิตเภทระยะรุนแรงขาดแรงจูงใจดูแลตนเอง [สไลด์+เสริม]	topic2
Mood กับ Affect ต่างกันอย่างไร และ "inappropriate affect" หมายถึงอะไร?	Mood คืออารมณ์พื้นฐานของผู้ป่วยขณะไม่มีสิ่งเร้ามากระตุ้น (เช่น neutral, euphoric, depressed, anxious, irritability) ส่วน Affect/Emotion คืออารมณ์ที่แสดงออกเมื่อถูกกระตุ้นด้วยสถานการณ์หรือคำถาม แบ่งเป็น blunted (ทื่อ แสดงออกน้อยมาก), restricted (ไม่ค่อยแสดงอารมณ์), inappropriate (อารมณ์ที่แสดงออกไม่สอดคล้องกับเรื่องที่กำลังพูดหรือสถานการณ์ เช่น พูดเรื่องเศร้าแต่กลับหัวเราะ) ต้องประเมินทั้งสีหน้า การเคลื่อนไหว และความสอดคล้องระหว่างสิ่งที่พูดกับอารมณ์ที่แสดง [สไลด์]	topic2
ความคิดหลงผิด (Delusion) มีกี่ชนิดหลัก อะไรบ้าง พร้อมตัวอย่าง?	Delusion คือความเชื่อผิด ๆ ที่ไม่อยู่บนพื้นฐานความเป็นจริง (thought content ผิดปกติ) แบ่งเป็น 4 ชนิดหลัก: grandeur (คิดว่าตนเองยิ่งใหญ่/มีอำนาจพิเศษ), persecutory (คิดว่ามีคนคอยปองร้ายตนเอง), jealousy (คิดว่าคู่สมรสนอกใจ/มีชู้โดยไม่มีมูล), idea of reference (คิดว่าสื่อ เช่น ทีวี/วิทยุ กำลังพูดถึงหรือสื่อสารกับตนเองโดยเฉพาะ) [สไลด์]	topic2
Thought form ที่ผิดปกติมีอะไรบ้าง แต่ละแบบมีลักษณะอย่างไร?	Loosening of association (พูดเชื่อมโยงความคิดหลวม ๆ ไม่ต่อเนื่องเป็นเหตุเป็นผล พบในจิตเภท), flight of idea (ความคิดแล่นเร็ว เปลี่ยนเรื่องเร็วมาก พบใน Mania), blocking (พูดค้างกลางคันแล้วหยุดเฉย ๆ), circumstantial (พูดอ้อมค้อมมากก่อนจะตอบคำถามจริง), neologism (สร้างคำศัพท์ใหม่ขึ้นเองที่ไม่มีในภาษา) — Thought form คือ "รูปแบบ" การคิด/พูด ต่างจาก thought content ที่เป็น "เนื้อหา" ของความคิด (เช่น Delusion) [สไลด์]	topic2
ระดับการรู้สึกตัว (Conscious) มีกี่ระดับ เรียงลำดับอย่างไร และ stupor ต่างจาก coma อย่างไร (จุดที่มักสับสน)?	มี 5 ระดับเรียงจากเบาไปหนัก: confusion (สับสน ไม่รับรู้วัน เวลา สถานที่ บุคคล) → clouding (รับรู้ได้บ้างแต่ความคิดผิดปกติปานกลาง) → stupor (ไม่ตอบสนอง ไม่เคลื่อนไหว ไม่พูด แต่ยังรู้สึกตัวอยู่) → delirium (ระดับความรู้สึกตัวไม่สม่ำเสมอ ขึ้น ๆ ลง ๆ) → coma (ไม่รู้สึกตัวเลย) จุดสับสนบ่อย: stupor ผู้ป่วยยังรู้สึกตัวอยู่เพียงแต่ไม่ตอบสนอง ส่วน coma คือไม่รู้สึกตัวเลย ทั้งสองดูคล้ายกันจากภายนอกแต่ระดับการรับรู้ต่างกันโดยสิ้นเชิง [สไลด์]	topic2
Hallucination กับ Illusion ต่างกันอย่างไร และ Hallucination แบ่งเป็นกี่ชนิด?	Hallucination (ประสาทหลอน) คือการรับรู้ที่เกิดขึ้นโดยไม่มีสิ่งเร้าจริงอยู่เลย แบ่งเป็น 5 ชนิดตามประสาทสัมผัส: visual (ทางตา), auditory (ทางหู), olfactory (ทางกลิ่น), gustatory (ทางรส), tactile (ทางสัมผัส) ส่วน Illusion (ภาพลวงตา) คือมีสิ่งเร้าจริงอยู่ แต่แปลความหมายผิดไปจากความเป็นจริง เช่น เห็นเชือกเป็นงู จุดต่างสำคัญ: Hallucination ไม่มีสิ่งเร้าเลย ส่วน Illusion มีสิ่งเร้าจริงแต่ตีความผิด [สไลด์]	topic2
ความจำ (Memory) 3 ชนิดที่ใช้ประเมินในการตรวจสภาพจิตคืออะไร พร้อมตัวอย่างคำถาม?	Recent memory (ความจำระยะสั้น กรอบเวลา ≤1-2 วัน) เช่น ถาม "เมื่อเช้าทานข้าวกับอะไร" หรือ "เมื่อวานใครมาเยี่ยม"; Remote memory (ความจำระยะยาว เหตุการณ์นานมาแล้ว) เช่น ถาม "อนุบาลเรียนที่ไหน" หรือ "เกิดที่ไหน"; Recall memory (ความจำทันทีทันใด ~5 นาที) เช่น บอกของ 3 อย่างให้จำ ทิ้งไว้ประมาณ 5 นาทีแล้วถามกลับว่าคืออะไรบ้าง [สไลด์]	topic2
Abstract thinking กับ Concrete thinking ต่างกันอย่างไร ยกตัวอย่างจากสุภาษิต "หนีเสือปะจระเข้"?	ประเมินความคิดเชิงนามธรรม (Abstract thinking) โดยให้ผู้ป่วยอธิบายความหมายสุภาษิตหรือบอกความเหมือน/ต่างของสิ่งของ ถ้าตอบเชิง abstract (ตีความเชิงสัญลักษณ์) เช่น "หนีเสือปะจระเข้" = "หนีสิ่งที่ร้ายไปเจอสิ่งที่ร้ายอีก" ถือว่าคิดเชิงนามธรรมได้ปกติ แต่ถ้าตอบเชิง concrete (อธิบายตามตัวอักษรตรง ๆ) เช่น "หนีเสือแล้วก็ไปเจอสัตว์ร้ายอีกตัว" แสดงว่าคิดเชิงนามธรรมไม่ได้ จุดสับสน: การตอบแบบอธิบายตามสิ่งที่เห็นตรง ๆ คือ concrete ไม่ใช่ abstract [สไลด์]	topic2
Judgment กับ Insight ในการประเมินสภาพจิตคืออะไร และผู้ป่วยทางจิตมักมี Insight แบบใด?	Judgment (การตัดสินใจ) ประเมินโดยใช้สถานการณ์จำลอง เช่น "ถ้าไฟไหม้โรงหนังจะทำอย่างไร" หรือ "ถ้ายาหมดจะทำอย่างไร" ผู้ที่มี impaired judgment มักพบใน Psychosis สมองเสื่อม และบุคลิกภาพผิดปกติ ส่วน Insight (การรู้จักตนเอง) คือการที่ผู้ป่วยรับรู้ว่าตนเองป่วยหรือไม่ ผู้ป่วยทางจิตส่วนใหญ่มักมี Poor insight คือบอกว่าตนเองไม่ได้เจ็บป่วย (ไม่ใช่ตรงข้าม อย่าจำสลับว่าผู้ป่วยรับรู้ว่าตนป่วย) [สไลด์]	topic2
การประเมิน Self-esteem ควรถามคำถามแบบใด และทำไมจึง "ห้ามถาม" ว่า "คุณรู้สึกว่าตนเองมีคุณค่าหรือไม่"?	ควรถามคำถามที่ให้ผู้ป่วยสะท้อนคุณค่าตนเองผ่านเรื่องธรรมดา เช่น "รู้สึกว่าตนเองมีความสามารถเรื่องอะไร" "ภูมิใจในตัวเองเรื่องอะไรมากที่สุด" "คิดว่าตัวเองเป็นภาระของใครหรือเปล่า" ส่วนคำถามตรง ๆ อย่าง "คุณรู้สึกว่าตัวเองมีคุณค่าหรือไม่" ไม่ควรถาม เพราะเป็นคำถามปลายปิดที่ชี้นำ และอาจกระทบจิตใจผู้ป่วยที่มี self-esteem ต่ำอยู่แล้วให้รู้สึกแย่ลงไปอีก หรือได้คำตอบที่ไม่สะท้อนความรู้สึกจริง [สไลด์]	topic2
Body image ประเมินอย่างไร และเหตุใดจึงสำคัญเป็นพิเศษในผู้ป่วยผ่าตัด?	ประเมิน Body image โดยถามเช่น "ชอบส่วนไหนของร่างกายมากที่สุด" หรือ "อยากเปลี่ยนส่วนไหนของร่างกาย" สำคัญเป็นพิเศษในผู้ป่วยผ่าตัดเพราะการผ่าตัดอาจทำให้เกิดการเปลี่ยนแปลงภาพลักษณ์ร่างกาย (Altered body image) เช่น แผลเป็น การสูญเสียอวัยวะ ซึ่งเป็นหนึ่งในปัญหาทางจิตสังคมที่พบบ่อยหลังผ่าตัด [สไลด์]	topic2
มิติด้านจิตวิญญาณ (Spiritual) ในการประเมินผู้ป่วยผ่าตัด ควรครอบคลุมประเด็นอะไรบ้าง?	ควรครอบคลุม จุดมุ่งหมายในชีวิต แผนอนาคต ความหวัง สิ่งที่มีความหมายในชีวิต ความสุข ความเชื่อ/ความศรัทธา/สิ่งศักดิ์สิทธิ์ การนับถือศาสนาและการปฏิบัติกิจกรรมศาสนา (การสวดมนต์ช่วยลดความทุกข์หรือไม่ สิ่งยึดเหนี่ยวจิตใจ) รวมถึงความคาดหวังต่อความเจ็บป่วย เรื่องที่ทุกข์ใจที่สุด และสิ่งที่ทำให้มีความสุข/เกิดกำลังใจ เรียกรวมว่า Value-belief-spiritual pattern [สไลด์]	topic2
สิ่งที่พยาบาลห้องผ่าตัดควรหลีกเลี่ยงเมื่อไปเยี่ยมผู้ป่วยก่อนผ่าตัดมีอะไรบ้าง (7 ข้อ)?	1) ไม่บอกขั้นตอนผ่าตัดละเอียดเกินไป เพราะทำให้ผู้ป่วยกลัวมากขึ้น 2) ไม่ขัดจังหวะการพูด/การแสดงความรู้สึกของผู้ป่วย 3) ไม่ให้กำลังใจหรือสร้างความมั่นใจในทางที่ไม่ถูกต้อง (false reassurance) 4) ไม่ใช้คำพูดยุ่งยากสับสน ควรใช้ภาษาง่าย 5) ไม่คาดการณ์ล่วงหน้าเกี่ยวกับผลของการผ่าตัด 6) ไม่ยุติการสัมภาษณ์/การเยี่ยมอย่างกะทันหัน ควรบอกผู้ป่วยล่วงหน้าเมื่อใกล้จบการสนทนา 7) ไม่เขียน/จดข้อมูลต่อหน้าผู้ป่วย เพราะทำให้ผู้ป่วยรู้สึกไม่เป็นกันเอง ไม่สบายใจ กังวล และอาจไม่ให้ข้อมูลที่แท้จริง ควรจดบันทึกหลังออกจากเตียงผู้ป่วยแล้วเท่านั้น [สไลด์]	topic2
เมื่อไปเยี่ยมผู้ป่วยก่อนผ่าตัดแล้วพบว่ามีญาติอยู่ด้วย พยาบาลควรทำอย่างไร และเพราะเหตุใด?	ควรกลับออกมาก่อนแล้วค่อยเข้าไปเยี่ยมผู้ป่วยตามลำพังภายหลัง เพื่อให้ผู้ป่วยมีโอกาสพูดคุยหรือเปิดเผยเรื่องส่วนตัวบางเรื่องที่ไม่ต้องการให้ครอบครัวรับรู้ การมีญาติอยู่ด้วยตลอดอาจทำให้ผู้ป่วยไม่กล้าเปิดเผยข้อมูลที่แท้จริง ทำให้การประเมินไม่ครบถ้วน [สไลด์]	topic2
ปัญหาทางจิตสังคมที่พบบ่อยในผู้ป่วยผ่าตัด (โดยรวมทุกช่วง) มีอะไรบ้าง ต่างจากปัญหาจิตใจก่อนผ่าตัดอย่างไร?	ปัญหาทางจิตสังคมที่พบบ่อยโดยรวม (หมวดกว้างกว่า) ได้แก่ วิตกกังวล (Anxiety), กลัว (Fear), โกรธ (Anger), เครียด (Stress), หมดหวัง (Hopelessness), ว้าเหว่ (Loneliness), คุณค่าในตัวเองลดลง (Low self-esteem), และภาพลักษณ์ร่างกายเปลี่ยนแปลง (Altered body image) ซึ่งครอบคลุมกว้างกว่าปัญหาจิตใจก่อนผ่าตัด 3 อย่าง (วิตกกังวล/กลัว/ทุกข์ทรมานจากแผล) ข้อสอบอาจถามแยกว่าโจทย์หมายถึงชุดไหน ต้องดูบริบทคำถาม [สไลด์]	topic2
Outcome ที่พึงประสงค์ของการดูแลด้านจิตใจผู้ป่วยผ่าตัดคืออะไร?	1) ผู้ป่วยคลายความวิตกกังวล ให้ความร่วมมือและปฏิบัติตัวได้เหมาะสม 2) ผู้ป่วยและญาติมีความรู้และความเชื่อมั่นในการรักษา 3) ผู้ป่วยและญาติปฏิบัติตามคำแนะนำได้อย่างถูกต้อง [สไลด์]	topic2
ข้อใดถูกต้องเกี่ยวกับลำดับและอายุการปิดของกระหม่อม (fontanel) ในเด็ก?	Posterior fontanel ปิดก่อน คือปิดเมื่ออายุ 6-8 เดือน ส่วน Anterior fontanel ปิดทีหลัง คือปิดเมื่ออายุ 16-18 เดือน [สไลด์] หลักจำ: "หลังปิดก่อน หน้าปิดหลัง" ข้อสอบมักเอาตัวเลขมาสลับกันหรือสลับว่าอันไหนปิดก่อน ต้องจำคู่กับตำแหน่งให้แม่น [เสริม] ถ้า anterior ปิดเร็วผิดปกติเกินไปให้นึกถึง craniosynostosis ถ้าปิดช้าหรือโป่งตึงให้นึกถึงความดันในกะโหลกสูงขึ้นหรือ hydrocephalus	topic3
ผู้ป่วยอ่าน Snellen chart ได้ผล VAsc 20/20 หมายความว่าอย่างไร และตัวเลข 20/20 นี้แปลว่าอะไร?	VAsc คือ Visual Acuity without correction หมายถึงวัดสายตาโดยไม่ใส่แว่น (sc = sine correctione) ส่วน VAcc คือวัดขณะใส่แว่น (cc = cum correctione) [สไลด์] ค่า 20/20 ฟุต หรือเทียบเท่า 6/6 เมตร หมายถึงตัวเศษ = ระยะที่ผู้ป่วยยืนห่างจากป้าย ตัวส่วน = ระยะที่คนสายตาปกติสามารถอ่านแถวตัวอักษรนั้นได้ชัด ดังนั้น 20/20 คือสายตาปกติ ถ้าเป็น 20/40 แปลว่าคนไข้ต้องยืนที่ 20 ฟุตเพื่ออ่านสิ่งที่คนปกติอ่านได้จากระยะ 40 ฟุต คือสายตาแย่กว่าปกติ [เสริม] ตัวย่อละติน cc/sc มักถูกจำสลับกัน ให้จำว่า c = with (มีแว่นช่วย)	topic3
เมื่อไหร่ต้องทำ Pinhole test และผลที่ต่างกันบอกอะไร?	ทำ Pinhole test เมื่อวัด Visual acuity ได้แย่กว่า 20/30 [สไลด์] หลักการคือรูเล็กช่วยลด retinal blur และเพิ่ม depth of focus ถ้ามองผ่าน pinhole แล้วเห็นชัดขึ้น แสดงว่าสาเหตุคือ Refractive error (สายตาสั้น/ยาว/เอียง) ซึ่งแก้ไขได้ด้วยแว่น แต่ถ้ามองผ่าน pinhole แล้วยังไม่ชัดขึ้น แสดงว่ามีพยาธิสภาพในลูกตา เช่น ต้อกระจก จอตาเสื่อม ซึ่งแว่นช่วยไม่ได้ ให้บันทึกผลเป็น VA c PH (with pinhole) [เสริม] เป็นวิธีคัดกรองง่าย ๆ แยกปัญหาการหักเหแสงออกจากโรคของลูกตาจริง ๆ โดยไม่ต้องใช้เครื่องมือซับซ้อน	topic3
การตรวจ pupil reaction to light แบบ Direct และ Consensual ต่างกันอย่างไร และเกี่ยวข้องกับเส้นประสาทสมองคู่ใด?	Direct light reflex คือส่องไฟเข้าตาข้างหนึ่งแล้วดูรูม่านตาข้างเดียวกันหด เป็นการทดสอบ afferent pathway ผ่าน CN II (Optic nerve) ส่วน Consensual light reflex คือส่องไฟข้างหนึ่งแล้วดูรูม่านตาอีกข้าง (ตรงข้าม) หดตามไปด้วย เป็นการทดสอบ efferent pathway ผ่าน CN III (Oculomotor nerve) [สไลด์] ขนาดรูม่านตาสองข้างต่างกันได้ไม่เกิน 20% ถือว่าปกติ ถ้าต่างกันมากกว่านี้เรียก Anisocoria ผิดปกติ [เสริม] เหตุที่ต้องดูทั้งสองข้างเพราะเส้นประสาทรับแสง (afferent) กับเส้นประสาทสั่งหด (efferent) เป็นคนละเส้นกัน ถ้าตอบสนอง direct ได้แต่ consensual ไม่ได้ ช่วยบอกตำแหน่งพยาธิสภาพว่าอยู่ที่เส้นไหน	topic3
การตรวจ EOM (Extraocular movement) ให้ผู้ป่วยมองตามนิ้วเป็นรูปตัว H หรือ 6 ทิศทาง ตรวจอะไรและความผิดปกติที่พบมีอะไรบ้าง?	EOM ตรวจการทำงานของกล้ามเนื้อตา 6 มัดซึ่งควบคุมโดยเส้นประสาทสมอง 3 เส้น คือ CN III (Oculomotor: Superior rectus, Inferior rectus, Medial rectus, Inferior oblique), CN IV (Trochlear: Superior oblique), CN VI (Abducens: Lateral rectus) [สไลด์] ปกติตาต้องเคลื่อนไหวคล่องตัวครบทุกทิศทางโดยไม่มี nystagmus (ตากระตุก) ความผิดปกติที่พบคือ Strabismus (ตาเข), EOM จำกัดบางทิศทาง, หรือเห็นภาพซ้อน (diplopia) [เสริม] การจำคู่กล้ามเนื้อ-เส้นประสาทเป็นจุดที่ข้อสอบชอบถามเชื่อมโยง เพราะกล้ามเนื้อตาที่เป็นข้อยกเว้นมีแค่ 2 มัด (Superior oblique = CN IV, Lateral rectus = CN VI) ที่เหลือทั้งหมดเป็น CN III	topic3
การตรวจ Eye convergence คืออะไร และถ้าตาบรรจบกันไม่ได้ (convergence ผิดปกติ) ต้องนึกถึงโรคอะไรบ้าง?	Eye convergence ตรวจโดยให้ผู้ป่วยจ้องวัตถุที่เคลื่อนที่เข้าหาสันจมูก แล้วดูว่าตาทั้งสองข้างเบนเข้าหากันได้หรือไม่ [สไลด์] ปกติตาทั้งสองข้างต้องบรรจบเข้าหากันได้ดี ถ้าบรรจบกันไม่ได้ต้องนึกถึง head injury, Graves' disease, Myasthenia gravis, Parkinson's disease หรือ Alzheimer's disease [สไลด์] [เสริม] โรคเหล่านี้ล้วนเกี่ยวข้องกับความผิดปกติของกล้ามเนื้อตาหรือระบบประสาทที่ควบคุมกล้ามเนื้อตา ไม่ว่าจะเป็นทางกล้ามเนื้ออ่อนแรง (MG), เส้นประสาทถูกกดเบียด (head injury), หรือความเสื่อมของระบบประสาทส่วนกลาง (Parkinson, Alzheimer) จึงเป็นการตรวจที่ช่วยคัดกรองโรคระบบประสาทได้กว้าง ไม่ใช่แค่ปัญหาสายตา	topic3
การตรวจ Visual field ด้วย Confrontation test แบ่งเป็น 4 quadrant ด้วยมุมกว้างเท่าใด และ quadrant ใดกว้างที่สุด?	มุมปกติโดยประมาณคือ Superior ~60°, Nasal ~60°, Inferior ~75°, และ Temporal ~95° ซึ่งกว้างที่สุด [สไลด์] เรียงจากแคบไปกว้าง: Superior = Nasal (60°) < Inferior (75°) < Temporal (95°) ถ้าพบ visual field loss เฉพาะข้างเดียว ให้นึกถึงโรคของ retina หรือ optic nerve ข้างนั้น หรือโรคทางระบบประสาท ต้อหิน หรือจอตาลอก [สไลด์] [เสริม] เหตุผลเชิงกายวิภาคที่ temporal field กว้างที่สุดคือจมูกและคิ้วบังลานสายตาด้าน nasal และ superior ไว้บางส่วน ทำให้ด้าน temporal ซึ่งไม่มีอะไรบัง มองเห็นได้กว้างกว่า	topic3
การตรวจ Whispering test ทำอย่างไร และมีระยะห่างมาตรฐานเท่าใด?	ผู้ตรวจยืนห่างจากผู้ป่วยประมาณ 2 ฟุต แล้วกระซิบคำหรือตัวเลขให้ฟัง เพื่อประเมินว่าผู้ป่วยได้ยินเสียงกระซิบชัดเจนทั้งสองหูหรือไม่ [สไลด์] เป็นการตรวจคัดกรองการได้ยินแบบง่าย ไม่ต้องใช้เครื่องมือพิเศษ ถ้าได้ยินไม่ชัดหรือไม่ได้ยินเลยถือว่าผิดปกติ ต้องตรวจเพิ่มเติมด้วย tuning fork test ต่อไป [เสริม] ควรปิดหูอีกข้างหรือให้ผู้ป่วยหันหูข้างที่ตรวจเข้าหาผู้ตรวจ และหลีกเลี่ยงการอ่านปาก (lip reading) เพื่อไม่ให้ผลคลาดเคลื่อน	topic3
Weber test ทำอย่างไร และผลที่ได้บอกอะไรเกี่ยวกับหูสองข้าง?	Weber test ทำโดยใช้ tuning fork ความถี่ 512 หรือ 256 Hz เคาะให้สั่นแล้ววางที่กึ่งกลางศีรษะ (vertex) เพื่อเปรียบเทียบการได้ยินของหูสองข้าง [สไลด์] ปกติจะได้ยินเสียงดังเท่ากันทั้งสองข้าง แต่ถ้ามี Conductive hearing loss เสียงจะดังไปทางหูข้างที่เสีย (lateralize to bad ear) ส่วนถ้าเป็น Sensorineural hearing loss เสียงจะดังไปทางหูข้างที่ดี (lateralize to good ear) [สไลด์] [เสริม] หลักจำง่าย ๆ: conductive loss หูข้างนั้นได้ยินเสียงที่ผ่านกระดูก (bone conduction) ชัดขึ้นเพราะเสียงรบกวนจากสิ่งแวดล้อมผ่านอากาศเข้าไม่ถึง จึงรู้สึกว่าเสียงในหูข้างที่อุดตันดังกว่า ตรงข้ามกับ sensorineural ที่ประสาทฝั่งเสียเสื่อมจริง จึงได้ยินข้างดีชัดกว่า	topic3
Rinne's test ผล Positive และ Negative ต่างกันอย่างไร และผล Negative บอกอะไร?	Rinne's test เปรียบเทียบ Air conduction (AC) กับ Bone conduction (BC) ในหูข้างเดียวกัน โดยวางส้อมเสียงที่กระดูก mastoid หลังหูก่อน (BC) แล้วย้ายมาหน้าหู (AC) [สไลด์] ผล Positive คือ AC ดังกว่า BC (ได้ยินเสียงหน้าหูดังกว่าหลังหู) ถือเป็นผลปกติ ส่วนผล Negative คือ BC ดังกว่า AC (หลังหูดังกว่าหน้าหู) ซึ่งผิดปกติ บ่งชี้ Conductive hearing loss [สไลด์] จุดที่มักสับสนคือคำว่า "Positive" ในที่นี้หมายถึงผลปกติ ไม่ใช่ผิดปกติแบบที่คนทั่วไปเข้าใจคำว่า positive test ในบริบทอื่น [เสริม] ต้องแยกให้ออกจาก Weber: Weber เทียบสองหู บอกว่าหูไหนเสีย ส่วน Rinne เทียบ AC กับ BC ในหูข้างเดียว บอกว่าเสียแบบ conductive หรือ sensorineural	topic3
ไซนัสในร่างกายมนุษย์เกิดขึ้นตามลำดับอายุอย่างไร และเป็นจุดที่ข้อสอบชอบถามอย่างไร?	ลำดับการเกิดไซนัสเรียงตามอายุคือ Maxillary sinus เกิดตั้งแต่แรกเกิด ตามด้วย Ethmoid และ Sphenoid sinus ที่อายุประมาณ 1 ปี และสุดท้าย Frontal sinus ซึ่งเกิดช้าที่สุดเมื่ออายุประมาณ 10 ปี [สไลด์] ข้อสอบมักนำตัวเลขอายุหรือลำดับไซนัสมาสลับกันเพื่อทดสอบว่าจำแม่นหรือไม่ [เสริม] เหตุผลเชิงพัฒนาการคือ Frontal sinus อยู่ในตำแหน่งที่ต้องรอให้กระดูกหน้าผากและโพรงจมูกเจริญเติบโตมากพอก่อน จึงเป็นไซนัสสุดท้ายที่ปรากฏ ซึ่งอธิบายได้ว่าทำไมเด็กเล็กจึงไม่ค่อยพบ frontal sinusitis	topic3
การตรวจไซนัส (Frontal, Maxillary) ใช้เทคนิคอะไร และตรวจหาอะไร?	การตรวจไซนัสใช้เทคนิคผสมคือ Palpation ร่วมกับ Percussion บริเวณ frontal sinus (เหนือคิ้ว) และ maxillary sinus (ข้างจมูก/โหนกแก้ม) เพื่อดูว่ามี Tenderness (กดเจ็บ) หรือไม่ [สไลด์] ถ้ากดแล้วเจ็บ บ่งชี้ว่าอาจมีการอักเสบของไซนัส (sinusitis) [สไลด์] [เสริม] จุดนี้มักถูกถามในรูปแบบ "ใช้เทคนิคอะไรตรวจไซนัส" เพราะเป็นหนึ่งในไม่กี่จุดของหัว-หน้า-คอที่ใช้ Percussion ร่วมด้วย ต่างจากจุดอื่นที่ส่วนใหญ่เน้น Inspection และ Palpation เท่านั้น	topic3
ตรวจพบ Bifid uvula (ลิ้นไก่แยกเป็นสองแฉก) ในผู้ป่วย ควรนึกถึงภาวะใด และการตรวจ uvula ปกติควรเป็นอย่างไร?	Bifid uvula เป็นความผิดปกติที่พบร่วมกับ Down Syndrome [สไลด์] วิธีตรวจคือให้ผู้ป่วยพูดว่า "อา" แล้วสังเกตว่า uvula ยกขึ้นตรงกลางและสมมาตรหรือไม่ ปกติ uvula จะยกขึ้นตรงกลางสมมาตร ถ้ายกไม่สมมาตรหรือเบี่ยงเบนไปข้างใดข้างหนึ่ง อาจบ่งชี้ปัญหาของ CN X (Vagus nerve) ข้างที่อ่อนแรง [สไลด์] [เสริม] การยกตัวของ soft palate ก็ใช้เส้นประสาทเดียวกันคือ CN X จึงมักตรวจร่วมกันในขั้นตอนเดียว หาก soft palate ยกไม่สมมาตรและแดง อาจสัมพันธ์กับ Cleft palate หรือ Carcinoma	topic3
รอยโรคในช่องปากแบบใดที่สัมพันธ์กับการติดเชื้อไวรัส Measles และแบบใดที่ถือเป็น pre-cancerous lesion?	Koplik spots (จุดขาวเล็ก ๆ บน buccal mucosa) เป็นลักษณะเฉพาะที่พบในโรคหัด (Measles) ส่วน Leukoplakia (คราบขาวที่ขูดออกไม่ได้บน buccal mucosa) ถือเป็นรอยโรคก่อนมะเร็ง (pre-cancerous lesion) ที่ต้องเฝ้าระวัง [สไลด์] [เสริม] ทั้งสองอย่างพบที่ buccal mucosa เหมือนกันแต่ความสำคัญต่างกันมาก จึงเป็นจุดที่ข้อสอบชอบเอามาเทียบเคียงกัน ต้องแยกจาก Fordyce spots ซึ่งเป็นต่อมไขมันขนาดเล็กที่พบได้ปกติไม่ใช่พยาธิสภาพ	topic3
การตรวจคอ (Neck) ควรเริ่มจากเทคนิคใดก่อน และตรวจหาอะไรบ้าง?	การตรวจคอควรเริ่มจาก Inspection ก่อนเสมอ โดยดู symmetry, mass, scar, neck vein engorgement (เส้นเลือดคอโป่งพอง หรือ JVD) และรูปร่างของ thyroid gland จากนั้นจึงตามด้วย Palpation เพื่อคลำหา mass, tenderness, ตำแหน่งของ trachea (ปกติต้องอยู่กึ่งกลาง) และ thyroid gland (ปกติไม่โต ไม่กดเจ็บ) [สไลด์] ความผิดปกติที่พบ เช่น trachea เบี่ยงจากกึ่งกลาง หรือ thyroid โต/มีก้อน [สไลด์] [เสริม] หลักการมองก่อนคลำ (Inspection ก่อน Palpation) ใช้ทั่วไปในการตรวจร่างกายแทบทุกระบบ เพราะการคลำอาจกระตุ้นให้เกิดการเปลี่ยนแปลงชั่วคราว (เช่นทำให้แดงหรือบวมขึ้น) จนบดบังลักษณะที่แท้จริงที่ควรสังเกตจากการมองก่อน	topic3
รอยโรคผิวหนังชนิดเลือดออก Petechia, Purpura และ Ecchymosis ต่างกันอย่างไร?	แยกกันด้วยขนาด: Petechia มีขนาด 1-3 มิลลิเมตร, Purpura มีขนาด 3-10 มิลลิเมตร, และ Ecchymosis มีขนาดใหญ่กว่า Purpura [สไลด์] เรียงจากเล็กไปใหญ่คือ Petechia < Purpura < Ecchymosis [เสริม] ทั้งสามชนิดเกิดจากเลือดออกใต้ผิวหนัง (ไม่จางหายเมื่อกดด้วยกระจก หรือ non-blanching) ต่างจากผื่นแดงทั่วไปที่เกิดจากหลอดเลือดขยายตัวซึ่งจะจางลงเมื่อกด การแยกขนาดมีประโยชน์ทางคลินิกเพราะบ่งบอกความรุนแรงของภาวะเลือดออกหรือเกล็ดเลือดต่ำที่ต่างกัน	topic3
รอยโรคผิวหนังนูน Papule, Nodule และ Tumor ใช้เกณฑ์อะไรแบ่ง และลึกถึงชั้นใด?	แบ่งด้วยขนาดเป็นหลัก: Papule ขนาดเล็กกว่า 0.5 เซนติเมตร, Nodule ขนาดใหญ่กว่า 0.5 เซนติเมตรและลึกถึงชั้นไขมันใต้ผิวหนัง (subcutaneous fat), และ Tumor ขนาดใหญ่กว่า 2 เซนติเมตร [สไลด์] จุดตัดสำคัญที่ต้องจำคือ 0.5 ซม. (แยก papule กับ nodule) และ 2 ซม. (แยก nodule กับ tumor) [เสริม] ความลึกที่มากขึ้นของ nodule อธิบายได้ว่าทำไมการคลำ nodule จึงรู้สึกเป็นก้อนแข็งชัดกว่า papule ซึ่งมักคลำได้แค่ผิวนูนตื้น ๆ	topic3
Macule กับ Patch ต่างกันอย่างไร และ Vesicle กับ Bulla ต่างกันอย่างไร?	Macule และ Patch เป็นรอยโรคผิวหนังชนิดเดียวกันคือรอยแบนราบเปลี่ยนสี ต่างกันแค่ขนาด โดย Patch คือ Macule ที่มีขนาดใหญ่กว่า 1 เซนติเมตร [สไลด์] เช่นเดียวกัน Vesicle กับ Bulla เป็นตุ่มน้ำชนิดเดียวกัน ต่างกันที่ขนาด โดยใช้เกณฑ์ตัดที่ 0.5 เซนติเมตรเช่นเดียวกับ papule/nodule คือ Bulla คือ Vesicle ที่มีขนาดใหญ่กว่า [สไลด์] [เสริม] ข้อสอบมักถามในเชิง "ต่างกันอย่างไร" ซึ่งคำตอบคือ "ต่างกันแค่ขนาดเท่านั้น ไม่ต่างลักษณะพื้นผิวหรือความนูน" เป็นจุดที่ตอบผิดบ่อยเพราะนักเรียนพยายามหาความต่างเชิงลักษณะซึ่งไม่มีจริง	topic3
Erosion กับ Ulcer ต่างกันอย่างไรในแง่ความลึกของรอยโรค?	Erosion เป็นรอยโรคตื้น เสียเนื้อเยื่อเฉพาะบางส่วนของชั้นหนังกำพร้า (epidermis) เท่านั้น ส่วน Ulcer เป็นรอยโรคที่ลึกกว่า ทะลุลงไปถึงชั้นหนังแท้ (dermis) หรือชั้นไขมันใต้ผิวหนัง [สไลด์] [เสริม] ความลึกที่ต่างกันนี้มีผลทางคลินิกโดยตรง คือ Erosion มักหายได้เองโดยไม่ทิ้งแผลเป็นเพราะไม่ทำลายชั้น dermis ที่มีเซลล์สร้างเนื้อเยื่อใหม่ ในขณะที่ Ulcer มักทิ้งรอยแผลเป็นเนื่องจากทำลายชั้นที่ลึกกว่าซึ่งจำเป็นต่อการซ่อมแซมผิวหนังให้เรียบเนียนเหมือนเดิม	topic3
ต่อมน้ำเหลือง (Lymph node) ขนาดปกติควรไม่เกินเท่าใด และการที่ต่อมน้ำเหลืองคลำได้ว่าเคลื่อนที่ได้ (mobile) หรือติดแน่น (fixed) บอกอะไรทางคลินิก?	ต่อมน้ำเหลืองขนาดปกติต้องไม่เกิน 1 เซนติเมตร [สไลด์] ถ้าคลำได้ก้อนที่เคลื่อนที่ได้ง่าย (mobile) มักบ่งชี้ว่าเป็นการอักเสบจากการติดเชื้อซึ่งเป็นภาวะไม่ร้ายแรง (benign) แต่ถ้าคลำได้ก้อนที่แข็งและติดแน่นไม่เคลื่อนที่ (hard & fixed) ต้องสงสัยภาวะมะเร็งหรือพังผืด [สไลด์] [เสริม] เหตุผลเชิงพยาธิวิทยาคือต่อมน้ำเหลืองที่อักเสบจากการติดเชื้อยังคงมีเยื่อหุ้มและเนื้อเยื่อรอบข้างปกติจึงขยับได้ ในขณะที่เซลล์มะเร็งมักลุกลามยึดติดกับเนื้อเยื่อรอบข้าง (invasion) ทำให้ก้อนติดแน่นเคลื่อนที่ไม่ได้ นี่คือหลักการตรวจคัดกรองเบื้องต้นว่าน่าจะเป็น benign หรือ malignant	topic3
เส้นประสาทสมอง (Cranial nerve) คู่ใดบ้างที่เกี่ยวข้องกับการตรวจตาและปาก และแต่ละคู่รับผิดชอบอะไร?	ที่เกี่ยวกับตา: CN II (Optic) รับผิดชอบ visual acuity, direct light reflex (afferent), และ visual field; CN III (Oculomotor) รับผิดชอบ consensual light reflex (efferent) และกล้ามเนื้อตา Superior/Inferior rectus, Medial rectus, Inferior oblique; CN IV (Trochlear) รับผิดชอบกล้ามเนื้อ Superior oblique; CN VI (Abducens) รับผิดชอบกล้ามเนื้อ Lateral rectus ที่เกี่ยวกับปาก: CN X (Vagus) รับผิดชอบการยกตัวของ soft palate และ uvula [สไลด์] [เสริม] จุดที่ต้องระวังคือ afferent (รับสัญญาณ) ของ pupil reflex เป็นคนละเส้นกับ efferent (สั่งการ) แม้จะดูเหมือนเรื่องเดียวกันคือ "ปฏิกิริยาต่อแสง" การแยกเส้นประสาทให้ถูกช่วยตอบคำถามที่เชื่อมโยงอาการผิดปกติกับตำแหน่งพยาธิสภาพในสมองได้แม่นยำขึ้น	topic3
การตรวจ Skull และ Scalp ใช้เทคนิคใด และแตกต่างจากการตรวจ Hair อย่างไร?	Skull และ Scalp ต้องตรวจด้วย Inspection ร่วมกับ Palpation เสมอ ไม่แยกเป็นทักษะเดี่ยว โดยดู contour, size, symmetry และคลำหา lumps/mass หรือ tenderness ส่วน Hair ตรวจด้วย Inspection อย่างเดียว ดู color, quantity, distribution, ลักษณะเส้นผม และความสะอาด (รังแค/ไข่เหา) [สไลด์] [เสริม] เหตุที่ Skull/Scalp ต้องคลำร่วมด้วยเพราะก้อนหรือรอยโรคใต้หนังศีรษะบางอย่างมองจากภายนอกไม่เห็นชัด (ผมบัง) จำเป็นต้องใช้มือสัมผัสเพื่อตรวจหา mass หรือ tenderness ที่ซ่อนอยู่ ในขณะที่ hair เป็นโครงสร้างพื้นผิวที่มองเห็นได้ตรง ๆ จึงใช้ inspection เพียงอย่างเดียวก็เพียงพอ	topic3
ผู้ป่วย COPD เรื้อรังมาตรวจ พบทรวงอกมีลักษณะกลม AP:Lateral diameter ใกล้เคียง 1:1 เรียกภาวะนี้ว่าอะไร และสาเหตุเกิดจากอะไร	เรียกว่า อกถัง (Barrel chest) ปกติสัดส่วน AP:Lateral = 1:2 (รูปไข่/กรวยเรียว) แต่ใน Barrel chest อัตราส่วนเปลี่ยนเป็นเกือบ 1:1 และรูปร่างกลม พบใน COPD, chronic asthma และภาวะสูงอายุปกติ (air trapping ทำให้ปอดขยายค้าง ทรวงอกจึงคงรูปพองตัวตลอดเวลา) [สไลด์][เสริม]	topic4
เปรียบเทียบ Funnel chest กับ Pigeon chest ต่างกันอย่างไร และแต่ละแบบพบในใคร	Funnel chest (Pectus excavatum) = sternum ส่วนล่างบุ๋มเข้า ทำให้ AP diameter ลดลง; Pigeon chest (Pectus carinatum) = sternum โป่งออก ทำให้ AP diameter เพิ่มขึ้น พบบ่อยในเด็กที่เป็น Rickets (กระดูกอ่อนจากขาดวิตามินดี) เพราะกระดูกอ่อนตัวถูกแรงดึงของกล้ามเนื้อหายใจจนผิดรูป จำง่าย: Funnel=บุ๋ม / Pigeon=โป่ง [สไลด์][เสริม]	topic4
หลังค่อม (Kyphosis) แบ่งเป็นกี่ชนิด อะไรบ้าง และพบในกลุ่มอายุใด	4 ชนิด: 1) Postural Kyphosis - ท่าทางไม่เหมาะสม กระดูกยังยืดหยุ่นได้ พบในวัยรุ่น 2) Scheuermann's (Juvenile) Kyphosis - โครงสร้างกระดูกสันหลังผิดปกติแบบ vertebral wedging พบในวัยรุ่น 3) Congenital Kyphosis - ผิดปกติตั้งแต่กำเนิด พบในเด็ก 4) Age-related/Degenerative Kyphosis - จากความเสื่อมของกระดูกสันหลัง หมอนรองกระดูก กล้ามเนื้อ และกระดูกพรุน พบในผู้สูงอายุ [สไลด์]	topic4
ขณะตรวจ ICS (ช่องระหว่างซี่โครง) พบมีการดึงรั้งบุ๋มเข้าขณะหายใจเข้า กับพบโป่งนูนขณะหายใจออก ความหมายทางคลินิกต่างกันอย่างไร	Retraction (บุ๋ม) = บ่งบอกว่าผู้ป่วยต้องออกแรงหายใจมากขึ้นเนื่องจากมีการอุดกั้นทางเดินหายใจ; Bulging (โป่ง) = บ่งบอกว่ามีอากาศคั่งค้างในปอด (air trapping) ระบายออกไม่หมด ทั้งสองอย่างสะท้อนการขยาย/หดตัวของปอดทั้งสองข้าง ควรประเมินร่วมกับ RR และ rhythm เสมอ [สไลด์]	topic4
ผู้ป่วยสองคนวัด RR ได้ 28 ครั้ง/นาทีเท่ากัน แต่คนหนึ่งหายใจตื้น อีกคนหายใจลึก ภาวะทั้งสองนี้เรียกต่างกันอย่างไร และพบในโรคอะไรบ้าง	ทั้งคู่ RR > 24 ครั้ง/นาที แต่ต่างกันที่ความลึก: Tachypnea = หายใจตื้น regular rhythm พบใน Acidosis, CNS lesion ที่ pons, พิษ Aspirin, Pneumonia, Hypoxia, Pain; Hyperventilation = หายใจลึก regular rhythm พบใน วิตกกังวล/กลัวรุนแรง, ออกกำลังกาย, ภาวะความดันในกะโหลกศีรษะสูง (IICP) เป็นจุดที่ออกสอบบ่อยและสับสนง่ายที่สุด [สไลด์]	topic4
RR ต่ำกว่า 10 ครั้ง/นาที ทั้ง Bradypnea และ Hypoventilation ต่างกันอย่างไร	Bradypnea = หายใจตื้น จังหวะปกติสม่ำเสมอ พบใน Alkalosis, Myasthenia gravis, การติดเชื้อ, CNS lesion ที่ cerebrum; Hypoventilation = หายใจตื้นและจังหวะไม่สม่ำเสมอ (shallow, irregular rhythm) พบใน การได้รับยา narcotic/ยาสลบเกินขนาด, ภาวะ IICP จุดต่างสำคัญคือ rhythm - Bradypnea สม่ำเสมอ ส่วน Hypoventilation ไม่สม่ำเสมอ [สไลด์]	topic4
ผู้ป่วยหายใจเข้าลำบาก กับผู้ป่วยหายใจออกลำบาก บ่งบอกตำแหน่งพยาธิสภาพทางเดินหายใจต่างกันอย่างไร	หายใจเข้าลำบาก = บ่งบอกการอุดกั้นทางเดินหายใจส่วนบน [สไลด์]; หายใจออกลำบาก = บ่งบอกพยาธิสภาพทางเดินหายใจส่วนล่าง [สไลด์]. เหตุผล: ทางเดินหายใจส่วนบนอยู่นอกช่องอก เวลาหายใจเข้าแรงดันในทางเดินหายใจต่ำกว่าบรรยากาศทำให้ส่วนที่ตีบยุบตัวมากขึ้น ส่วนทางเดินหายใจส่วนล่างอยู่ในช่องอก เวลาหายใจออกแรงดันในช่องอกเพิ่มไปกดหลอดลมฝอยที่ตีบให้แฟบมากขึ้น [เสริม] เป็นจุดที่มักจำสลับทิศทางกัน	topic4
ลักษณะการหายใจแบบ Cheyne-Stokes ต่างจาก Kussmaul respiration อย่างไร และพบในภาวะใด	Cheyne-Stokes breathing = หายใจไม่สม่ำเสมอ มี Apnea (หยุดหายใจ) สลับเป็นพักๆ RR variable พบเป็นปกติในเด็กแรกเกิด/ผู้สูงอายุขณะนอนหลับ และพบผิดปกติใน สมองขาดออกซิเจน, heart failure, ยาเกินขนาด [สไลด์]; Kussmaul respiration = หายใจลึกและสม่ำเสมอ (RR ปกติ ช้า หรือเร็วก็ได้) พบใน Acidosis (เช่น DKA) และ Air hunger เป็นกลไกชดเชยเพื่อขับ CO2 ออกมากขึ้น [สไลด์][เสริม]	topic4
Orthopnea คืออะไร และแตกต่างจาก Sighing respiration อย่างไร	Orthopnea = หายใจลำบากเมื่อนอนราบ ต้องนั่งหรือหนุนหมอนสูงจึงสบายขึ้น พบใน CHF, ท้องมานน้ำ (Ascites), หืด เพราะท่านอนราบทำให้เลือดคั่งกลับเข้าปอดมากขึ้น/กระบังลมถูกดันสูงจากของเหลวในช่องท้อง [สไลด์][เสริม]; Sighing Respiration = หายใจจังหวะปกติสม่ำเสมอ แต่มีการถอนหายใจลึกแทรกเป็นระยะ พบในโรคทางระบบประสาท [สไลด์]	topic4
กลิ่นลมหายใจแบบใดบ่งชี้ Diabetic ketoacidosis และแบบใดบ่งชี้ Uremia	กลิ่นผลไม้ (fruity/acetone) = Diabetic ketoacidosis เกิดจากร่างกายสลายไขมันสร้างคีโตนแทนกลูโคสที่ใช้ไม่ได้ คีโตนระเหยออกทางลมหายใจ [สไลด์][เสริม]; กลิ่นคาวคล้ายแอมโมเนีย = Uremia จากของเสียไนโตรเจนคั่งเมื่อไตวาย นอกจากนี้: กลิ่นปลา/ถั่วเก่า = Hepatic failure, Portal vein thrombosis; กลิ่นเหม็น = Intestinal obstruction, ไซนัสอักเสบ, ฝีในปอด, Bronchiectasis; กลิ่นเครื่องเทศ = Pulmonary tuberculosis [สไลด์]	topic4
Tactile fremitus เพิ่มขึ้น (increased) กับลดลง (decreased) พบในโรคอะไรบ้าง และหลักการเป็นอย่างไร	Increased fremitus พบใน Pneumonia, CA lung เพราะเนื้อปอดที่แข็งตัวจากการอักเสบ/ของเหลว/ก้อนเนื้อ (consolidation) นำแรงสั่นสะเทือนได้ดีกว่าอากาศ [สไลด์][เสริม]; Decreased fremitus พบใน Obstructed bronchus, Pneumothorax, Pleural effusion, Emphysema เพราะมีอากาศ/ของเหลวคั่นระหว่างปอดกับผนังทรวงอก หรือมีสิ่งอุดกั้นทำให้แรงสั่นสะเทือนผ่านไม่ถึงมือ [สไลด์][เสริม] ปกติแรงสั่นจะมากสุดที่ส่วนบนทรวงอกแล้วค่อยๆลดลง [สไลด์]	topic4
การเคาะทรวงอกปกติควรได้ยินเสียงอะไร ที่ตำแหน่งใด และ Hyperresonance กับ Dullness แยกโรคกันอย่างไร	ปกติได้ยิน resonance ที่ ICS 1-4 ทั้งสองข้าง เริ่มทึบ (Dullness) ที่ ICS 5 ด้านขวา และทึบสนิท (Flatness) ที่ ICS 5-6 [สไลด์]; Dullness/Decreased resonance พบใน Pneumonia, Pleural effusion, Atelectasis, Tumor, Pulmonary contusion, Hemothorax (มีของเหลว/เนื้อเยื่อแข็งแทนที่อากาศ) [สไลด์]; Hyperresonance พบใน COPD, Emphysema, Asthma, Pneumothorax เฉพาะด้านขวา (อากาศคั่งเกินทำให้เสียงเคาะโปร่งมากผิดปกติ) [สไลด์][เสริม]	topic4
เสียงหายใจปกติ 3 ชนิด (Bronchial, Bronchovesicular, Vesicular) ฟังชัดที่ตำแหน่งใด และมีลักษณะต่างกันอย่างไร	Bronchial breath sound = ดัง ก้อง ระดับเสียงสูง ฟังเหนือ trachea/larynx; Bronchovesicular sound = ระดับเสียงปานกลาง ฟังเหนือ major bronchi; Vesicular breath sound = เบา ทุ้ม คล้ายลมพัดใบไม้ (soft, low pitched, rustling) ฟังเหนือเนื้อปอดทั่วไป ยิ่งใกล้ trachea เสียงยิ่งดัง/สูง ยิ่งลึกเข้าเนื้อปอดเสียงยิ่งเบา/ทุ้มลง [สไลด์][เสริม]	topic4
Adventitious sounds แบ่งเป็น Dry sound กับ Moist sound อย่างไร และ Stridor ต่างจาก Rhonchi อย่างไร	Dry sound (ไม่มีของเหลว): Stridor, Rhonchi, Pleural friction rub; Moist sound (มีของเหลว): Rales [สไลด์]. Stridor = เสียงแหลมสูงต่อเนื่องตลอดช่วงหายใจเข้า คล้ายเสียงกรนดัง ไอแรงก็ไม่หาย เกิดจากทางเดินหายใจส่วนบนตีบแคบ พบใน severe asthma attack, effusion, pneumothorax, pertussis, croup, epiglottitis, การสำลัก เป็นสัญญาณอันตราย [สไลด์][เสริม]; Rhonchi (gurgles) = เสียงต่ำ ดัง หยาบ ได้ยินส่วนใหญ่ขณะหายใจออก เกิดจากสิ่งคัดหลั่งหนาอุดกั้นบางส่วนทางเดินหายใจ ไอแล้วอาจทุเลาได้ พบใน Bronchitis, Pneumonia [สไลด์]	topic4
Rales (crackles) แบ่งเป็นกี่ระดับ อะไรบ้าง และแต่ละแบบได้ยินช่วงไหนของการหายใจ	แบ่งเป็น 3 ระดับตามขนาดทางเดินหายใจที่มีของเหลว: Fine rales = คล้ายขยี้ผมใกล้หู ได้ยินใกล้สิ้นสุดหายใจเข้า พบใน Heart failure, Pneumonia; Medium rales = อากาศผ่านหลอดลมฝอยที่ใหญ่กว่า ได้ยินช่วงกลางหรือปลายหายใจเข้า ไม่ชัดถ้าหายใจลึกหรือไอ; Coarse rales = อากาศผ่านของเหลว/หนองปริมาณมากในหลอดลมใหญ่ ได้ยินทั้งหายใจเข้าและออก เพิ่มขึ้นถ้ามีภาวะน้ำคั่งในปอด (Pulmonary Congestion) [สไลด์] หลักจำ: ยิ่งของเหลวอยู่ในทางเดินหายใจที่ใหญ่ขึ้น เสียงยิ่งหยาบและได้ยินนานขึ้น [เสริม]	topic4
Pleural friction rub มีลักษณะเสียงอย่างไร ฟังชัดตำแหน่งไหน และเกิดจากกลไกอะไร	เสียงเหมือนขยี้หนัง (leathery/grating) ฟังชัดบริเวณทรวงอกด้านข้างใต้รักแร้ เกิดจากเยื่อหุ้มปอดอักเสบ (pleuritis) ทำให้เยื่อหุ้มปอดชั้นที่ติดเนื้อปอด (visceral pleura) กับชั้นที่บุผนังช่องอก (parietal pleura) เสียดสีกันขณะหายใจแทนที่จะลื่นไถลปกติ [สไลด์] มักได้ยินทั้งช่วงหายใจเข้าและออก และเจ็บแปลบเวลาหายใจลึกร่วมด้วย [เสริม]	topic4
Wheezing เกิดจากกลไกอะไร ได้ยินชัดช่วงไหนของการหายใจ และ Monophonic, Polyphonic, Squawks ต่างกันอย่างไร	Wheezing เกิดจากลมหายใจผ่านทางเดินหายใจในช่องทรวงอก (intrathoracic airway) ที่แคบลง เสียงแหลมสูงต่อเนื่องคล้ายนกหวีด พบทั้งหายใจเข้าและออก แต่ดังที่สุดตอนหายใจออก (loudest on expiration) เพราะช่วงหายใจออกแรงดันในช่องอกเพิ่มไปบีบทางเดินหายใจที่ตีบอยู่แล้วให้แคบลงอีก [สไลด์][เสริม] พบใน Asthma, Tumor, CHF, Bronchiolitis, Pneumonia. Monophonic = โน้ตเดียว เกิดช่วงใดช่วงหนึ่งหรือทั้งสองช่วง; Polyphonic = หลายโน้ตพร้อมกัน เกิดช่วงหายใจออก pitch สูงขึ้นใกล้สิ้นสุดหายใจออก; Squawks = wheeze สั้นๆ เกิดช่วงหายใจเข้า [สไลด์]	topic4
การตรวจ Inspection ของระบบหัวใจต้องสังเกตอะไรบ้าง และแต่ละอย่างบ่งบอกอะไร	1) Scars เช่น thoracotomy scar และ sternotomy scar บ่งบอกชนิดการผ่าตัดหัวใจที่เคยทำ (closed vs open cardiac surgery) 2) Bulging ของทรวงอกด้านหน้า บ่งบอกหัวใจโตหรือมีก้อน/ของเหลวผิดปกติ 3) Heaving = การยกตัวของผนังทรวงอกบริเวณหัวใจเป็นแรงกระเพื่อม พบเมื่อหัวใจทำงานหนักหรือโต คนปกติไม่พบ 4) Abnormal pulsation ผิดตำแหน่งปกติ อาจบ่งชี้ aneurysm 5) Shortness of breathing (SOB) 6) Jugular Venous Pressure (JVP) วัดในท่าศีรษะสูง 45 องศา ปกติแฟบหรือโป่งไม่เกิน 3 ซม. เหนือ sternal angle พบสูงใน Heart failure (ท่านอนราบแม้คนปกติก็เห็นเส้นเลือดคอโป่งได้ จึงต้องวัดท่า 45 องศาเสมอ) [สไลด์][เสริม]	topic4
4 ตำแหน่งที่คลำ Thrill ของหัวใจมีอะไรบ้าง และ PMI เกินตำแหน่งใดบ่งชี้ Cardiomegaly	4 ตำแหน่ง: Aortic area (Aortic stenosis/regurgitation), Pulmonic area (Pulmonic stenosis/regurgitation), Tricuspid area (Tricuspid stenosis/regurgitation), Mitral area (Mitral stenosis/regurgitation) [สไลด์]; Thrill คือแรงสั่นสะเทือนที่คลำได้จากเลือดไหลปั่นป่วนผ่านลิ้นหัวใจที่ผิดปกติรุนแรง (เทียบเท่า murmur เกรด 4 ขึ้นไป) [เสริม]; PMI ปกติอยู่ที่ ICS 5 แนว midclavicular ถ้าตรวจพบ PMI เลื่อนเกินตำแหน่ง ICS 6 บ่งชี้ Cardiomegaly (หัวใจโต) [สไลด์][เสริม]	topic4
การคลำชีพจรส่วนปลาย (peripheral pulse) ตรวจตำแหน่งใดบ้าง และหลักการตรวจคืออะไร	ตรวจ 6 ตำแหน่งหลัก: Carotid, Brachial, Radial, Femoral, Popliteal, Dorsalis pedis pulse โดยให้ผู้ป่วยอยู่ในท่านอน ดูจังหวะ (rhythm) และความแรง (strength) ของชีพจร พร้อมเปรียบเทียบทั้งสองข้างของร่างกาย ถ้าคลำได้ไม่เท่ากันอาจบ่งชี้การอุดตันของหลอดเลือดข้างนั้น [สไลด์][เสริม]	topic4
S1 กับ S2 เกิดจากการปิดของลิ้นหัวใจใด และมีลักษณะเสียงต่างกันอย่างไร	S1 (Lubb) เกิดจากการปิดของ Mitral valve และ Tricuspid valve (AV valves) เสียงต่ำแต่ทอดยาว ค่อยๆเงียบลงในระยะแรก; S2 (Dubb) เกิดจากการปิดของ Pulmonary valve และ Aortic valve (semilunar valves) เสียงระดับสูงกว่า S1 จำง่าย: S1 = ปิดวาล์วกั้นระหว่างห้องบน-ห้องล่าง (AV) และ S2 = ปิดวาล์วกั้นทางออกไปหลอดเลือดใหญ่ (semilunar) [สไลด์][เสริม]	topic4
Systolic murmur กับ Diastolic murmur แยกกันด้วยจังหวะเสียงหัวใจและชีพจรอย่างไร	Systolic murmur เกิดระหว่าง S1-S2 ได้ยินพร้อมกับการเต้นของชีพจร (systole คือช่วงหัวใจบีบตัวส่งเลือดออก ตรงกับจังหวะชีพจรเต้น); Diastolic murmur เกิดระหว่าง S2-S1 ได้ยินหลังชีพจรเต้นไปแล้ว (diastole คือช่วงหัวใจคลายตัวรับเลือดเข้า); Continuous murmur ได้ยินทั้งใน systole และ diastole ต่อเนื่องกัน วิธีจำ: คลำชีพจรพร้อมฟัง ถ้าได้ยินเสียงฟู่ตรงกับจังหวะชีพจรเต้น = systolic [สไลด์][เสริม]	topic4
การให้เกรดความดังของ Murmur (1-6) มีหลักอย่างไร และเกรดใดเริ่มคลำ thrill ได้	เกรด 1 = เบามาก ยากจะได้ยินแม้ในห้องเงียบ; เกรด 2 = เบาแต่ได้ยินชัดทุกท่า; เกรด 3 = ชัดเจนแต่คลำ thrill ไม่ได้; เกรด 4 = ชัดเจนและคลำ thrill ได้; เกรด 5 = ดังมากคลำ thrill ได้ง่าย; เกรด 6 = ดังมากจนสังเกตเห็น thrill ได้ด้วยตาเปล่า บันทึกเป็นเศษส่วนของ 6 เช่น 3/6 จุดออกสอบ: เกรด 4 ขึ้นไปเท่านั้นที่เริ่มคลำ thrill ได้ [สไลด์]	topic4
ระดับเสียง (pitch) ของ Murmur แบ่งเป็นกี่ระดับ และแต่ละระดับสัมพันธ์กับโรคใด	แบ่งเป็น 3 ระดับ: Low pitch พบใน Aortic regurgitation, Mitral stenosis; Medium pitch พบใน Pulmonic stenosis; High pitch พบใน Mitral regurgitation, VSD (Ventricular septal defect) [สไลด์] Pitch สูงมักเกิดจากความเร็วเลือดที่ไหลผ่านช่องรั่ว/ช่องตีบสูงมาก เช่น VSD ที่มีแรงดัน LV สูงส่งผ่านรูรั่วเล็กๆเข้า RV [เสริม]	topic4
หลักการแยก Stenosis กับ Regurgitation ของลิ้นหัวใจ และทำไมลิ้น semilunar กับ AV valve จึงมีจังหวะ murmur สลับกัน	Stenosis (ลิ้นตีบ) = ลิ้นเปิดไม่เต็มช่องแคบ เลือดไหลผ่านลำบากตอน เปิด เกิดเสียงฟู่จากเลือดปั่นป่วนผ่านช่องแคบ; Regurgitation (ลิ้นรั่ว) = ลิ้นปิดไม่สนิท เลือดไหลย้อนกลับตอน ปิด [จริง]. หลักจำจังหวะ: ลิ้น semilunar (Aortic, Pulmonic) เปิดช่วง systole จึงตีบ=systolic และปิดช่วง diastole จึงรั่ว=diastolic; ลิ้น AV (Mitral, Tricuspid) เปิดช่วง diastole จึงตีบ=diastolic และปิดช่วง systole จึงรั่ว=systolic สลับกับ semilunar พอดี เพราะจังหวะเปิด-ปิดของลิ้นทั้งสองกลุ่มอยู่คนละช่วงของ cardiac cycle [เสริม]	topic4
Aortic stenosis (AS) กับ Aortic regurgitation (AR) ต่างกันอย่างไรในเรื่องจังหวะ murmur ตำแหน่งฟังชัด และสาเหตุ	AS: murmur เป็น systolic แบบ crescendo-decrescendo (รูปเพชร) ฟังชัดที่ Aortic area (ขอบขวาบน sternum ICS 2) ร้าวไปคอ (carotid) สาเหตุเด่นคือ calcific degeneration ในผู้สูงอายุ, bicuspid valve แต่กำเนิด, rheumatic; AR: murmur เป็น early diastolic เสียงนุ่ม decrescendo ฟังชัดที่ left sternal border ICS 3-4 (Erb's point) ให้ผู้ป่วยนั่งโน้มตัวและกลั้นหายใจออกจะฟังชัดขึ้น สาเหตุเด่นคือ rheumatic, aortic root dilation (เช่น Marfan syndrome), endocarditis, ความดันโลหิตสูงเรื้อรัง จุดจำ: AS ร้าวไปคอ ต่างจาก MR ที่ร้าวไปรักแร้ [สไลด์][เสริม]	topic4
Mitral stenosis (MS) กับ Mitral regurgitation (MR) ต่างกันอย่างไร และ Opening snap คืออะไร มีความสำคัญอย่างไร	MS: murmur เป็น mid-to-late diastolic เสียง rumbling ร่วมกับ opening snap ตามหลัง S2 ฟังชัดที่ apex (ICS 5 midclavicular) นอนตะแคงซ้ายฟังชัดสุด สาเหตุอันดับ 1 คือ Rheumatic heart disease; MR: murmur เป็น pansystolic (holosystolic) เสียง blowing โทนสูง ฟังชัดที่ apex แผ่ไปทาง axilla สาเหตุเด่น: Mitral valve prolapse, rheumatic, ischemic (papillary muscle dysfunction), LV dilation. Opening snap = เสียงคลิกที่เกิดเฉพาะใน Mitral stenosis เกิดจากลิ้นที่ตีบและแข็งกระตุกเปิดฉับพลันตอนต้น diastole ช่วยแยก MS จาก murmur diastolic อื่น เป็นจุดจำที่ออกสอบบ่อย [สไลด์][จริง]	topic4
Graham Steell murmur คืออะไร และ Carvallo's sign ใช้แยกอะไรจากอะไร	Graham Steell murmur = murmur แบบ diastolic decrescendo ของ Pulmonic regurgitation ที่เกิดจาก pulmonary hypertension โดยเฉพาะ (ชื่อเฉพาะที่ออกสอบบ่อย) ฟังชัดที่ left 2nd-3rd ICS [จริง]; Carvallo's sign = เสียง murmur ของ Tricuspid regurgitation (TR) ดังขึ้นเมื่อผู้ป่วยหายใจเข้า ใช้แยก TR จาก Mitral regurgitation (MR) ที่ตำแหน่งฟังใกล้เคียงกัน เหตุผล: หายใจเข้าทำให้ความดันในช่องอกลดลง เลือดไหลกลับเข้าหัวใจฝั่งขวา (venous return) เพิ่มขึ้น ทำให้ TR ดังขึ้น แต่ไม่มีผลชัดต่อฝั่งซ้าย [จริง][เสริม]	topic4
ผู้หญิงอายุ 40 ปีขึ้นไป ควรตรวจคัดกรองมะเร็งเต้านมอย่างไร ต่างจากช่วงอายุ 20-39 ปีตรงไหน?	อายุ 40 ปีขึ้นไป: Mammogram ทุกปี + ตรวจโดยบุคลากรทางการแพทย์ทุกปี + ตรวจเต้านมด้วยตนเอง (BSE) ทุกเดือน ส่วนอายุ 20-39 ปี: ตรวจโดยแพทย์/บุคลากรอย่างน้อยทุก 3 ปี + ตรวจด้วยตนเองทุกเดือน (ยังไม่ต้อง Mammogram ประจำปี) [สไลด์] เหตุผล: ความเสี่ยงมะเร็งเต้านมเพิ่มขึ้นตามอายุ โดยเฉพาะหลัง 40 ปี จึงต้องเพิ่มความถี่การตรวจโดยแพทย์และเพิ่ม Mammogram เป็นเครื่องมือคัดกรองภาพรังสี [เสริม]	topic5
Clinical Breast Exam (การตรวจเต้านมโดยบุคลากรทางการแพทย์) ประกอบด้วยขั้นตอนอะไรบ้าง?	3 ส่วนหลัก คือ 1) History (ซักประวัติ) 2) Visual Inspection (การดู) 3) Palpation (การคลำ) ซึ่งต้องคลำทั้งสองข้างของเต้านม รักแร้ (axilla) และโคนคอ (supraclavicular area) ไม่ใช่คลำแค่ตัวเต้านมอย่างเดียว [สไลด์]	topic5
ปัจจัยเสี่ยงของมะเร็งเต้านมที่ต้องซักประวัติมีอะไรบ้าง?	ประวัติครอบครัวเป็นมะเร็งเต้านม / ได้รับฮอร์โมน estrogen นาน เช่น มีประจำเดือนเร็วหรือหมดประจำเดือนช้า / ใช้ยาคุมกำเนิดหรือฮอร์โมนทดแทนนาน / ดื่มแอลกอฮอล์ / น้ำหนักเกินหรืออ้วน [สไลด์] เหตุผลเชิงสรีรวิทยา: ปัจจัยเหล่านี้ล้วนเพิ่มการสัมผัส estrogen สะสมของเนื้อเยื่อเต้านม ซึ่งกระตุ้นการแบ่งตัวของเซลล์เยื่อบุท่อน้ำนม [เสริม]	topic5
การตรวจ Inspection เต้านม ต้องให้ผู้ป่วยอยู่ท่าใดบ้าง และทำไมต้องตรวจหลายท่า?	ต้องตรวจ 3 ท่า: 1) แขนแนบลำตัว (arms at side) 2) มือเท้าสะเอว (hands on hips) 3) ยกแขนเหนือศีรษะ (arms above the head) [สไลด์] เหตุผล: แต่ละท่าทำให้กล้ามเนื้อ pectoral หดตัวต่างกัน ถ้ามีก้อนยึดติดกับเนื้อเยื่อใต้ผิวหนังหรือกล้ามเนื้อ การเปลี่ยนท่าจะทำให้เห็น dimpling/retraction หรือความไม่สมมาตรที่มองไม่เห็นในท่าปกติ [เสริม]	topic5
เวลา Inspection เต้านมและหัวนม ต้องสังเกตอะไรบ้าง (แยกเต้านม vs หัวนม)?	เต้านม: ขนาด, ความสมมาตร, รูปทรง (Contour), สี, ก้อน/รอยโรค, ผิวหนังบุ๋มหรือถูกดึงรั้ง (dimpling/retraction) หัวนม: สี, ขนาด, รูปร่าง, ทิศทาง, รอยโรค, สิ่งขับหลั่ง (Discharge) [สไลด์] จุดสำคัญ: skin dimpling/retraction ของเต้านม และการดึงรั้งของหัวนม เป็นสัญญาณเตือนบ่งบอกก้อนอาจยึดติดเนื้อเยื่อใต้ผิวหนัง (suspicious for malignancy) [เสริม]	topic5
การคลำ (Palpation) เต้านม ต้องจัดท่าผู้ป่วยอย่างไร และคลำตำแหน่งใดบ้าง?	ท่า Supine (นอนหงาย) งอแขนข้างที่ตรวจทำมุม 90 องศาเหนือศีรษะ ตำแหน่งที่ต้องคลำ: Supraclavicular (โคนคอ), Axillary nodes (รักแร้), Nipples (หัวนม) และตัวเต้านมทั้งหมด [สไลด์] การงอแขนเหนือศีรษะช่วยให้เนื้อเยื่อเต้านมแผ่ราบบนผนังทรวงอก คลำได้ทั่วถึงและแยกก้อนจากเนื้อเยื่อปกติง่ายขึ้น [เสริม]	topic5
เวลาคลำเต้านมพบก้อน ต้องบันทึกและรายงานลักษณะอะไรบ้าง?	ต้องบอก: ตำแหน่ง, ขนาด, รูปร่าง, การเคลื่อนไหว/เคลื่อนที่ได้หรือไม่, การกดเจ็บ, และสีผิวหนังบริเวณที่มีก้อน [สไลด์] ข้อมูลเหล่านี้ช่วยแยกก้อนไม่ร้ายจากมะเร็ง เช่น ก้อนเคลื่อนที่ได้ง่าย ผิวเรียบ มักเป็น fibroadenoma ส่วนก้อนแข็ง ขอบไม่เรียบ ยึดติดเนื้อเยื่อรอบข้าง เคลื่อนไม่ได้ มักน่าสงสัยมะเร็ง [เสริม]	topic5
กลุ่มต่อมน้ำเหลืองบริเวณรักแร้ (axillary lymph nodes) ที่ต้องตรวจมีกี่กลุ่ม อะไรบ้าง อยู่ตำแหน่งใด?	4 กลุ่ม: 1) Central group - ติดกับลำตัวด้านข้าง 2) Lateral group - ติดกับแขน 3) Anterior group - รักแร้ด้านหน้า 4) Posterior group - รักแร้ด้านหลัง [สไลด์] ปกติต้องไม่พบต่อมน้ำเหลืองโต ไม่อักเสบ ไม่บวมแดง ไม่ร้อน กดไม่เจ็บ ทริคจำ: นึกทิศทางรอบรักแร้ กลาง-ข้าง(ติดแขน)-หน้า-หลัง [เสริม]	topic5
Benign Breast Masses (ก้อนเต้านมที่ไม่ใช่มะเร็ง) ที่ควรรู้จักมีอะไรบ้าง?	Breast cysts (ถุงน้ำ), Fibrocystic breast changes (การเปลี่ยนแปลงแบบถุงน้ำและพังผืด), Fibroadenoma (เนื้องอกไม่ร้ายพบบ่อยในหญิงอายุน้อย), Ductal papilloma (ติ่งเนื้อในท่อน้ำนม มักทำให้มีเลือดออกจากหัวนม) [สไลด์]	topic5
การแบ่งระยะ (Staging) มะเร็งเต้านม Stage 0 ถึง IV ต่างกันอย่างไรโดยสรุป?	Stage 0 = ยังไม่ลุกลามในหรือนอกเต้านม (DCIS/LCIS) / Stage I = ก้อนไม่เกิน ~1 นิ้ว ไม่ลามนอกเต้านม / Stage II = ก้อนขนาดต่างๆ เริ่มลามต่อมน้ำเหลืองใต้แขนหรือโตขึ้นแต่ยังไม่ลามต่อมน้ำเหลือง / Stage IIIA = ลามต่อมน้ำเหลืองใต้แขนชัดเจน / Stage IIIB = ลามเนื้อเยื่อข้างเคียง (ผิวหนัง ผนังทรวงอก ซี่โครง กล้ามเนื้อ) หรือต่อมน้ำเหลืองในทรวงอก / Stage IV = ลามไปอวัยวะอื่น (กระดูก ปอด ตับ สมอง) หรือผิวหนัง/ต่อมน้ำเหลืองบริเวณคอ [สไลด์] หลักจำ: เลขระยะยิ่งสูง ยิ่งลุกลามไกลจากเต้านมมากขึ้น [เสริม]	topic5
การซักประวัติระบบทางเดินอาหารและทางเดินปัสสาวะก่อนตรวจท้อง ต้องถามอาการอะไรบ้าง?	ทางเดินอาหาร: เบื่ออาหาร, คลื่นไส้, อาเจียนเป็นเลือด, ปวดท้อง, การเปลี่ยนแปลงของ bowel sounds, ท้องผูก, ท้องเสีย, ตัวเหลือง, กลั้นอุจจาระไม่ได้ ทางเดินปัสสาวะ: ปวดท้องเหนือหัวเหน่า, ถ่ายปัสสาวะลำบาก, กลั้นปัสสาวะไม่ได้, ถ่ายปัสสาวะเป็นเลือด, ปวดบริเวณไตหรือบั้นเอว [สไลด์]	topic5
COLDSPA คืออะไร ใช้ประเมินอะไร แต่ละตัวย่อหมายถึงอะไร?	กรอบซักประวัติอาการปวด: C=Character (ลักษณะปวด เช่น จี๊ด บิด), O=Onset (เริ่มปวดเมื่อใด), L=Location (ตำแหน่งที่ปวด ลึก/ตื้น/เฉพาะที่/ทั่วๆ), D=Duration (ปวดนาน/บ่อยแค่ไหน), S=Severity (ความรุนแรง), P=Pattern (อะไรทำให้ปวดขึ้น/หายไป), A=Associated factors (อาการร่วม เช่น คลื่นไส้ ไข้) [สไลด์] จุดสับสนบ่อย: L(Location) กับ D(Duration) และ P/A เพราะคุ้นกับ OPQRST มากกว่า ต้องท่องแยกให้ชัดว่าคนละชุดกัน [สไลด์]	topic5
Abdominal pain แบ่งเป็น 3 ชนิด (Visceral, Parietal, Referred) แต่ละชนิดมีลักษณะอย่างไร แยกกันอย่างไร?	Visceral pain = ปวดจากอวัยวะภายในเอง บอกขอบเขตไม่แน่ชัด ปวดแบบ intermittent เป็นๆหายๆ / Parietal pain = ปวดจากการระคายเคือง peritoneum ปวดตื้อๆชัดเจนกว่า แย่ลงเมื่อคลำ เคลื่อนไหว ไอ จาม / Referred pain = ปวดตำแหน่งห่างไกลจากอวัยวะที่มีปัญหาจริง เช่น ปวดไหล่ขวาที่จริงมาจาก gallbladder/liver [สไลด์] หลักแยก: Visceral=บอกจุดไม่ได้+เป็นๆหาย, Parietal=ชี้จุดได้+แย่ลงเมื่อขยับ/กด (peritoneum อักเสบ), Referred=ปวดคนละที่กับอวัยวะจริง (shared nerve pathway) [เสริม]	topic5
ก่อนตรวจร่างกายช่องท้อง ต้องเตรียมผู้ป่วยและจัดสถานที่อย่างไรบ้าง?	1) นอนราบ หนุนหมอนผ่อนคลาย 2) ถ่ายปัสสาวะก่อนตรวจ (ป้องกันกระเพาะปัสสาวะเต็มรบกวนผลตรวจ) 3) เปิดหน้าท้องให้เห็นครบ 4 Quadrant ตั้งแต่ใต้ทรวงอกถึง anterior iliac spines ทั้งสองข้าง 4) ต้องตรวจให้ครบทั้ง 4 Quadrant 5) ผู้ตรวจยืนทางขวามือของผู้ป่วย 6) ใช้ทักษะตรวจครบ 4 อย่าง 7) ใช้ Stethoscope ในการฟัง [สไลด์]	topic5
ลำดับการตรวจร่างกายช่องท้อง 4 ขั้นตอนคืออะไร ทำไมต่างจากระบบอื่นเช่นหัวใจ ปอด?	Inspection → Auscultation → Percussion → Palpation (ดู→ฟัง→เคาะ→คลำ) [สไลด์] ต่างจากระบบอื่นที่มักคลำ/เคาะก่อนฟัง เพราะการคลำหรือเคาะหน้าท้องจะกระตุ้นให้ลำไส้เคลื่อนไหวเปลี่ยนแปลง (bowel sounds เปลี่ยน) ทำให้ผลการฟังที่ตามมาไม่ตรงสภาพจริง จึงต้องฟังเสียงลำไส้ก่อนเป็นอันดับสอง ก่อนคลำหรือเคาะ [สไลด์]	topic5
การฟัง bowel sound (Auscultation) มีเกณฑ์อย่างไร ความถี่ปกติเท่าไหร่ ถ้าไม่ได้ยินเสียงต้องทำอย่างไร?	ฟังให้ครบ 4 Quadrant ใช้ diaphragm ฟังอย่างน้อย 10-15 วินาทีต่อตำแหน่ง ความถี่ปกติคือ 5-35 ครั้งต่อนาที (เกิดเสียงทุก 2-12 วินาที) ถ้าฟังแล้วไม่ได้ยินเสียงเลย ต้องฟังต่อให้ครบ 2 นาทีเต็ม ก่อนสรุปว่าไม่มี bowel sound [สไลด์] จุดพลาดบ่อย: มีตัวเลข 2 ชุดคนละเรื่อง คือ ความถี่ปกติ (5-35 ครั้ง/นาที) กับเวลาฟังขั้นต่ำเมื่อไม่ได้ยินเสียง (2 นาทีเต็ม) มักสลับกัน [สไลด์]	topic5
การเคาะ (Percussion) หน้าท้องปกติควรได้ยินเสียงอะไร เพราะเหตุใด?	ปกติได้ยินเสียงโปร่ง (Tympanic sound) เพราะเมื่อผู้ป่วยนอนหงาย ลมในลำไส้จะลอยขึ้นมาอยู่บริเวณผิวหน้าท้อง ทำให้เคาะแล้วเกิดเสียงโปร่งแบบมีอากาศ [สไลด์] การเคาะยังใช้ประเมินลักษณะก้อน ขนาดตับ ม้าม และไตด้วย [สไลด์]	topic5
การคลำหน้าท้องแบบ Light palpation กับ Deep (Bimanual) palpation ต่างกันอย่างไร ใช้ตรวจหาอะไร?	Light palpation = กดลึกประมาณ 1 ซม. ตรวจหาแรงต้านกล้ามเนื้อหน้าท้อง (guarding), ก้อนตื้นๆ, บริเวณกดเจ็บ (ต้องสังเกตสีหน้าผู้ป่วยด้วย) Deep/Bimanual palpation = กดลึกกว่า ตรวจหาก้อนที่อยู่ลึกในช่องท้อง รวมถึงตับและม้าม [สไลด์] หลักคือเริ่มจาก light ก่อนเสมอเพื่อประเมิน guarding/tenderness ผิวเผิน แล้วค่อยคลำลึกหาอวัยวะ/ก้อนที่ลึกกว่า [เสริม]	topic5
ถ้าผู้ป่วยมีอาการปวดท้อง ควรคลำตำแหน่งที่ปวดเมื่อใด ทำไม?	ต้องถามผู้ป่วยก่อนว่าปวด/เจ็บบริเวณไหน แล้วคลำตำแหน่งที่ปวดเป็นลำดับสุดท้าย [สไลด์] เหตุผล: ถ้าคลำจุดที่ปวดก่อน ผู้ป่วยจะเกร็งกล้ามเนื้อหน้าท้อง (guarding) จากความเจ็บปวดหรือความกลัว ทำให้คลำตำแหน่งอื่นได้ผลไม่แม่นยำ จึงควรเก็บจุดปวดไว้คลำทีหลังสุด [สไลด์]	topic5
เทคนิคการคลำตับ (Liver palpation) ทำอย่างไร?	ผู้ตรวจยืนด้านขวาของผู้ป่วย วางมือซ้ายด้านหลังลำตัวผู้ป่วยด้านขวา ใต้ซี่โครงที่ 11-12 กดดันขึ้น มือขวาวางบนหน้าท้องต่ำกว่าตำแหน่งขอบตับที่เคาะได้ แล้วคลำขณะผู้ป่วยหายใจ (ฉบับภาษาไทยในสไลด์อธิบายอีกแบบ: มือซ้ายสอดใต้ชายโครงซ้าย คลำจากสะดือทแยงมุม 45 องศาไปยังชายโครง) [สไลด์] ข้อควรระวัง: สไลด์มี 2 เวอร์ชัน (อังกฤษ/ไทย) อธิบายมุมต่างกัน ข้อสอบอาจถามได้ทั้งสองแบบ ต้องจำทั้งคู่ [สไลด์]	topic5
เทคนิคการคลำม้าม (Spleen palpation) ทำอย่างไร ถ้าคลำไม่ได้ต้องทำอย่างไรต่อ?	จัดท่าผู้ป่วยให้เหมาะสม ให้หายใจเข้าลึกที่สุด (deepest full inspiration) แล้วคลำขณะหายใจเข้าลึก มือข้างหนึ่งสอดใต้ด้านซ้ายผู้ป่วยดันขึ้น อีกมือคลำบริเวณชายโครงซ้าย หากคลำไม่ได้ (ปกติมักคลำม้ามไม่ได้อยู่แล้ว) ให้จัดท่า right lateral decubitus (นอนตะแคงขวา) แล้วคลำใหม่ [สไลด์] จุดพลาดบ่อย: นักศึกษามักหยุดตรวจทันทีที่คลำม้ามไม่ได้ ลืมขั้นตอนสำรอง (เปลี่ยนท่า) [สไลด์]	topic5
การตรวจอวัยวะสืบพันธุ์ภายนอกหญิง (Female genitalia) ต้องซักประวัติ ดู และคลำอะไรบ้าง ตามลำดับใด?	ซักประวัติ: การมีประจำเดือน, สิ่งขับหลั่งผิดปกติ, อาการคัน, การอักเสบ, เลือดออกทางช่องคลอด Inspection ตามลำดับจากนอกเข้าใน: Mons pubis (การกระจายตัวของขน ความสะอาด) → Labia majora (สองข้างเท่ากัน ไม่บวมแดง) → Labia minora (discharge, lesion, inflammation) → Perineum (lesion, inflammation) → Cervix (lesion, inflammation) Palpation: Bartholin's gland, ขนาดรังไข่ (Ovary size), ความตึงตัวช่องคลอด (Vagina tone) [สไลด์] สังเกตว่าลำดับ inspection เรียงจากภายนอกเข้าสู่ภายในเสมอ [เสริม]	topic5
การตรวจอวัยวะสืบพันธุ์ภายนอกชาย (Male genitalia) ต้องตรวจตำแหน่งใดบ้าง ดูอะไร?	1) Skin - รอยโรค (lesion), เริม (herpes) 2) Penis - ตุ่ม/ก้อน (nodule), แผลเป็น (scar), การอักเสบ (inflammation) 3) Urethral (ท่อปัสสาวะ) - ตำแหน่งรูเปิด (location), สิ่งขับหลั่ง (discharge) 4) Scrotum (ถุงอัณฑะ) - ผิวหนัง, ขนาด, รูปร่าง, ความแข็ง/นุ่ม (consistency), การกดเจ็บ (tenderness) [สไลด์]	topic5
การตรวจ Anal area ต้องดูและคลำอะไรบ้าง และหลักการนี้เหมือนกับการตรวจอวัยวะสืบพันธุ์หญิง/ชายตรงไหน?	Inspection: ก้อน (lump), แผล (ulcer), ผื่น (rash), การอักเสบ (inflammation) Palpation: ก้อนผิดปกติ (abnormal lumps), การกดเจ็บ (tenderness) [สไลด์] หลักร่วมกับหญิง/ชาย: ต้อง Inspection ก่อนเสมอแล้วจึง Palpation เพราะการดูไม่รบกวนลักษณะที่จะตรวจ ส่วนการคลำอาจทำให้เกิดการเปลี่ยนแปลง เช่น เจ็บ หรือกระตุ้นการตอบสนอง [เสริม]	topic5
การตรวจร่างกายระบบประสาทมีองค์ประกอบหลักกี่ส่วน อะไรบ้าง เรียงตามลำดับการตรวจ	5 ส่วน: 1) Mental status (ภาวะสุขภาพจิต) 2) Cranial nerves (เส้นประสาทสมอง) 3) Motor system (ระบบประสาทสั่งการ) 4) Sensory system (ระบบประสาทรับความรู้สึก) 5) Reflexes (รีเฟล็กซ์) ท่องเป็นลำดับ M-C-M-S-R ช่วยจำเวลาตรวจไม่ให้ข้ามส่วน [สไลด์]	topic6
ABCT ที่ใช้ประเมินภาวะสุขภาพจิต (Mental status) ย่อมาจากอะไร แต่ละตัวประเมินอะไร	A=Appearance (ท่าทาง/การแต่งกาย/สุขลักษณะ); B=Behavior (ระดับการรู้สติ, สีหน้า, การพูด, อารมณ์); C=Cognitive function (รับรู้เวลา-สถานที่-บุคคล, สมาธิเช่นลบ 7 จาก 100 ไปเรื่อยๆ, ความจำ remote/recent, ความรู้ทั่วไป); T=Thought processes and perception (ความนึกคิดและการรับรู้) จำง่ายๆ ว่าดูจากภายนอกเข้าสู่ภายใน: รูปลักษณ์ -> พฤติกรรม -> สติปัญญา -> กระบวนการคิด [สไลด์]	topic6
จงเรียงลำดับระดับการรู้สติ (Level of Consciousness) จากมากไปน้อย และมีจุดที่ต้องระวังอะไรเรื่อง GCS	เรียง: ตื่นตัว (alert) -> ง่วงซึม (drowsiness) -> สับสน (confuse) -> ง่วงงง (stupor) -> ครึ่งรู้สติ (semicoma) -> ไม่รู้สติ (deep coma) ข้อควรระวัง: สไลด์นี้ไม่ได้ใช้ Glasgow Coma Scale (GCS) เป็นคะแนนตัวเลข มีแต่คำบรรยายเชิงคุณภาพเท่านั้น อย่าเผลอไปตอบเป็นคะแนน GCS [สไลด์]	topic6
ผู้ป่วยพูดไม่ชัดเรียกว่าอะไร ต่างจากพูดไม่ได้แต่เข้าใจภาษา และพูดได้แต่ไม่เข้าใจภาษาอย่างไร	พูดไม่ชัด/ออกเสียงเพี้ยน = dysarthria (ปัญหากล้ามเนื้อที่ใช้พูด ไม่ใช่ปัญหาภาษา); พูดไม่ได้แต่เข้าใจคนอื่นพูด = motor aphasia (expressive aphasia สมองส่วนสั่งการพูดเสีย); พูดได้คล่องแต่ไม่เข้าใจความหมาย = sensory aphasia (receptive aphasia สมองส่วนเข้าใจภาษาเสีย) จำสั้นๆ: motor aphasia="พูดไม่ออกแต่เข้าใจ" sensory aphasia="พูดคล่องแต่ไม่เข้าใจ" [สไลด์]	topic6
การตรวจ Visual Acuity (VA) ด้วย Snellen chart มาตรฐานทำอย่างไร ค่าปกติคือเท่าใด	ยืนห่างป้าย 20 ฟุต (6 เมตร) ปิดตาทีละข้างแล้วอ่านตัวอักษร ค่าปกติ = 6/6 หรือ 20/20 (เลขบน = ระยะที่ผู้ป่วยยืน เลขล่าง = ระยะที่คนสายตาปกติอ่านแถวนั้นได้) ถ้าไม่มี chart อาจให้อ่านหนังสือห่าง 14 นิ้วแทน หลักสำคัญ: ต้องอ่านได้มากกว่าครึ่งแถวจึงนับว่าอ่านแถวนั้นได้ [สไลด์]	topic6
CN3, CN4, CN6 แต่ละเส้นควบคุมการกลอกตาทิศทางใด และตรวจร่วมกันอย่างไร	CN3 (Oculomotor) = คุมกล้ามเนื้อตาส่วนใหญ่ + หดรูม่านตา + ลืมตา; CN4 (Trochlear) = กลอกตาเข้าด้านใน-ลงล่าง; CN6 (Abducens) = กลอกตาออกด้านข้าง ตรวจร่วมกันโดยให้ตามองตามนิ้วเป็นรูปตัว H สังเกต nystagmus (ตากระตุก) และดู ptosis (หนังตาตก) กับ pupillary light reflex (direct/consensual) ซึ่งเป็นหน้าที่ CN3 เสริม: คนปกติเกิด convergence เมื่อวัตถุเข้าใกล้จมูกได้ในระยะ 5-8 ซม. [สไลด์+เสริม]	topic6
CN5 Trigeminal มีหน้าที่กี่ด้าน อะไรบ้าง และตรวจอย่างไร (จุดที่นักศึกษามักตอบไม่ครบ)	มี 2 หน้าที่ ต้องตอบครบทั้งคู่: (1) Motor คุม temporal/masseter muscle ใช้เคี้ยว-กัดฟัน ตรวจโดยกัดฟันแน่นแล้วคลำกล้ามเนื้อ หรืออ้าปากค้างต้านแรงกดที่คาง; (2) Sensory รับความรู้สึกใบหน้า 3 แขนง คือ ophthalmic (หน้าผาก) maxillary (แก้ม) mandibular (คาง) ตรวจด้วย light touch (สำลี) และ pain (แยกแหลม/ทู่) จุดพลาดบ่อย: ตอบแค่ด้านเดียวจะไม่ได้คะแนนเต็ม [สไลด์]	topic6
CN7 Facial มีหน้าที่อะไรบ้าง วิธีตรวจ motor function มีอะไรบ้าง	Motor คุมกล้ามเนื้อใบหน้า (แสดงสีหน้า หลับตา หุบปาก); Sensory รับรส 2/3 ส่วนหน้าของลิ้น วิธีตรวจ motor: ย่นหน้าผาก หลับตาแน่น (ผู้ตรวจพยายามง้างเปิดตา) ยิ้ม เป่าแก้มโป่ง ทำปากจู๋ ยิงฟัน; ตรวจ sensory ด้วยการทดสอบรับรสเค็มที่ 2/3 หน้าลิ้นด้วยไม้พันสำลี [สไลด์]	topic6
Weber test และ Rinne test ต่างกันอย่างไร ผลปกติควรเป็นอย่างไร	Weber test: วางส้อมเสียงสั่นตรงกลางหน้าผาก ปกติได้ยินดังเท่ากันทั้ง 2 หู (เปรียบเทียบสองข้าง); Rinne test: เปรียบเทียบ air conduction (นำเสียงผ่านอากาศ) กับ bone conduction (นำเสียงผ่านกระดูก) ในหูข้างเดียวกัน ปกติ air conduction ดีกว่า bone conduction เหตุผลเชิงสรีรวิทยา: หูชั้นกลาง-นอกที่ปกติจะนำเสียงผ่านอากาศได้ดีกว่าผ่านกระดูกกะโหลก [สไลด์+เสริม]	topic6
CN9 Glossopharyngeal และ CN10 Vagus ตรวจร่วมกันอย่างไร และแยกหน้าที่ของแต่ละเส้นอย่างไร	ตรวจร่วมกันโดยให้อ้าปากร้อง อา สังเกตลิ้นไก่ (ปกติยกขึ้นแนวกลาง ไม่เอียง) และตรวจ gag reflex ด้วยไม้กดลิ้น แยกหน้าที่: CN9 = รับรส 1/3 โคนลิ้น + motor คอส่วนการกลืนร่วมกับ gag reflex; CN10 = คุมการกลืนและการออกเสียง (เส้นเสียง) จำสั้นๆ: 9=รับรส+เริ่มกลืน, 10=คุมกลืน-เสียงเป็นหลัก [สไลด์]	topic6
CN11 Spinal accessory ควบคุมกล้ามเนื้อมัดใดบ้าง ตรวจอย่างไร เชื่อมโยงกับการตรวจ MSK ส่วนใด	ควบคุม sternocleidomastoid (หันคอ) และ trapezius (ยกไหล่) ตรวจโดยให้หันหน้าต้านแรงมือผู้ตรวจที่คาง (ทดสอบ sternocleidomastoid) และยกไหล่สู้แรงกด (ทดสอบ trapezius) จุดที่ข้อสอบชอบเชื่อม: การตรวจกำลังกล้ามเนื้อไหล่ในระบบ MSK คือการตรวจ CN11 นั่นเอง [สไลด์]	topic6
CN12 Hypoglossal ตรวจอย่างไร	ควบคุมการเคลื่อนไหวของลิ้น ตรวจโดยให้แลบลิ้นเข้าออกเร็วๆ ตวัดลิ้นไปมา และใช้ลิ้นดันกระพุ้งแก้มสู้แรงกดของผู้ตรวจ ถ้าอ่อนแรงลิ้นจะเบี้ยวไปด้านที่เป็นโรค [สไลด์]	topic6
Pronator sign (drift test) ทำอย่างไร ใช้ประเมินอะไร (ไม่ใช่การตรวจอะไร)	ให้ผู้ป่วยหลับตา เหยียดแขนตรงไปข้างหน้า หงายฝ่ามือขึ้น ค้างไว้ 20-30 วินาที ถ้าแขนข้างใดตกต่ำลงหรือคว่ำมือเอง = อ่อนแรงข้างนั้น หรือกดแขนลงเร็วๆแล้วปล่อย แขนปกติจะเหวี่ยงกลับสู่ระดับเดิม ถ้าอ่อนแรงจะกลับมาต่ำกว่าเดิม จุดสำคัญ: นี่คือการตรวจ motor system (กำลังกล้ามเนื้อ) ไม่ใช่การตรวจ cerebellum (สมองน้อย) แม้จะดูคล้ายการทรงตัว [สไลด์]	topic6
Romberg test ทำอย่างไร และข้อสอบมักออกจุดใดเกี่ยวกับท่านี้	ให้ผู้ป่วยยืนขาชิดกัน หลับตา ค้างไว้ 20 วินาที ผู้ตรวจยืนข้างๆเตรียมพยุงกันล้ม สังเกตอาการเซหรือทรงตัวไม่อยู่ จุดที่มักออกสอบ/จำผิด: ต้องหลับตา ไม่ใช่ลืมตา เพราะการหลับตาตัดข้อมูลจากการมองเห็น เหลือแต่ proprioception (การรับรู้ตำแหน่งข้อ) กับ vestibular system (การทรงตัวหูชั้นใน) ถ้าเซตอนหลับตาแสดงว่าปัญหาอยู่ที่ proprioception หรือ vestibular ไม่ใช่สายตา [สไลด์+เสริม]	topic6
การตรวจ Coordination (การทำงานประสานกัน) มีวิธีใดบ้าง อาศัยการทำงานของระบบใดร่วมกัน	วิธีตรวจ: Point-to-point accuracy test, Finger-to-nose-to-finger test, Finger-to-nose test (หลับตา), Heel-to-shin test (ส้นเท้าแตะเข่าแล้วลากไปตามหน้าแข้ง) การทำงานประสานกันต้องอาศัย 4 ระบบร่วมกัน: กำลังกล้ามเนื้อ + proprioception (รับรู้ตำแหน่งข้อ) + สมองน้อย (cerebellum) + vestibular system (การทรงตัว) ถ้าทำไม่ได้ต้องแยกให้ออกว่าบกพร่องที่ระบบใด [สไลด์]	topic6
Primary sensory function ต่างจาก Cortical sensory function อย่างไร ยกตัวอย่างการตรวจแต่ละแบบ	Primary sensory function = ความรู้สึกระดับต้น ได้แก่ touch (สัมผัส) pain (เจ็บ) temperature (อุณหภูมิ) vibration (สั่นสะเทือนด้วยส้อมเสียง) position/proprioception (ตำแหน่งข้อ); Cortical sensory function = ความรู้สึกขั้นสูงที่อาศัยการแปลผลของ parietal lobe เรียก discriminative sensation ได้แก่ Stereognosis (บอกรูปร่างวัตถุจากสัมผัส) Two-point discrimination (แยกจุดสัมผัส 2 จุด) Graphesthesia (บอกตัวเลข/ตัวอักษรที่เขียนบนฝ่ามือ) Point localization (ชี้ตำแหน่งที่ถูกสัมผัส) หลักจำ: ถ้า primary sensory ปกติแต่ cortical sensory ผิดปกติ ให้สงสัยพยาธิสภาพที่ parietal lobe ของสมอง ไม่ใช่เส้นประสาทส่วนปลาย [สไลด์+เสริม]	topic6
Two-point discrimination วัดระยะห่างขั้นต่ำที่แยกจุดสัมผัส 2 จุดได้ ที่ปลายนิ้ว หลังเท้า และฝ่ามือ ต่างกันเท่าใด เพราะเหตุใด	ปลายนิ้ว = 2-3 มม. (ไวที่สุด), หลังเท้า = 5 มม., ฝ่ามือ = 1 ซม. (ไวน้อยกว่า) เหตุผลเชิงสรีรวิทยา: ตำแหน่งที่มีปลายประสาทรับสัมผัส (sensory receptor) หนาแน่นเช่นปลายนิ้ว จะแยกจุดใกล้กันได้ดีกว่าตำแหน่งที่ตัวรับสัมผัสอยู่ห่างกันเช่นฝ่ามือ/หลังเท้า ข้อสอบมักออกจับคู่ตำแหน่ง-ระยะ ต้องจำให้แม่น [สไลด์+เสริม]	topic6
Positive Babinski's sign มีลักษณะอย่างไร ต่างจาก plantar reflex ปกติอย่างไร	วิธีตรวจ: ขีดฝ่าเท้าจากส้นเท้าไล่ไปด้านนอกแล้ววกเข้าหาโคนนิ้วหัวแม่เท้า ผลปกติ = นิ้วหัวแม่เท้างอเข้าหาฝ่าเท้า (plantar flexion); ผลผิดปกติ = positive Babinski's sign คือนิ้วหัวแม่เท้าเหยียดขึ้นด้านหลังเท้า (dorsiflexion) ร่วมกับนิ้วอื่นกางออกคล้ายใบพัด จุดจำสำคัญ: Babinski's sign ที่ผิดปกติคือ เหยียดขึ้น+กางออก ไม่ใช่งอเข้าแบบปกติ พบได้ปกติในทารกแรกเกิด (ระบบประสาทยังพัฒนาไม่เต็มที่) แต่ถ้าพบในผู้ใหญ่บ่งชี้พยาธิสภาพของ upper motor neuron [สไลด์+เสริม]	topic6
DTR grading (0 ถึง 4+) กับ Muscle strength grading (0 ถึง 5) เหมือนกันหรือไม่ อธิบายแต่ละสเกล	เป็นคนละสเกลกัน ห้ามใช้ปนกัน DTR (Deep Tendon Reflex): 0=ไม่มีรีเฟล็กซ์, 1+=น้อยกว่าปกติ, 2+=ปกติ, 3+=ไวกว่าปกติ, 4+=ไวมากกว่าปกติ (มักมี clonus ร่วม); Muscle strength: 0=เคลื่อนไหวไม่ได้เลย, 1=เคลื่อนไหวพอมองเห็น, 2=เคลื่อนไหวได้ในแนวราบแต่ต้านแรงโน้มถ่วงไม่ได้ (ยกขึ้นไม่ได้), 3=ต้านแรงโน้มถ่วงได้แต่ต้านแรงผู้ตรวจไม่ได้, 4=ต้านแรงผู้ตรวจได้ไม่เต็มที่, 5=ปกติต้านแรงผู้ตรวจได้เต็มที่ จุดจำ grade2 vs grade1: grade1 แค่เห็นกล้ามเนื้อขยับ แต่ grade2 คือเคลื่อนไหวข้อได้จริงในแนวราบ [สไลด์]	topic6
การตรวจ DTR แต่ละตำแหน่ง (biceps triceps supinator patellar achilles) ทำอย่างไร ผลปกติคืออะไร	Biceps reflex: กดเอ็น biceps ตรงข้อพับแขนแล้วเคาะบนนิ้วที่กด -> ข้อศอกงอเข้า; Triceps reflex: แขนห้อยงอ 90 องศา เคาะเหนือปุ่มข้อศอก 2 นิ้ว -> ข้อศอกเหยียดออก; Supinator (Brachioradialis) reflex: เคาะปลายแขนเหนือข้อมือ 2 นิ้วตรงปลายกระดูก radius -> นิ้วมืองอเล็กน้อย; Patellar (knee) reflex: เคาะเอ็นใต้กระดูกสะบ้า -> ปลายเท้าเตะออก; Achilles (ankle) reflex: กระดกข้อเท้าขึ้นเล็กน้อยแล้วเคาะเอ็นร้อยหวาย -> ปลายเท้าเหยียดลง [สไลด์]	topic6
ความผิดปกติของรีเฟล็กซ์ที่ควรสังเกตมีอะไรบ้าง และ Cremasteric reflex ตรวจในผู้ป่วยกลุ่มใด	ความผิดปกติของรีเฟล็กซ์ที่ต้องสังเกต 4 อย่าง: (1) ไม่มีรีเฟล็กซ์ในช่วงอายุที่ควรมี (2) มีรีเฟล็กซ์นานเกินช่วงอายุปกติ (3) รีเฟล็กซ์ 2 ซีกไม่เท่ากัน (asymmetry) (4) รีเฟล็กซ์สัมพันธ์กับท่าทางผิดปกติหรือกล้ามเนื้อกระตุก ส่วน Cremasteric reflex (ขีดลากด้านในต้นขาเฉียงลง-เข้าในแล้วสังเกตถุงอัณฑะหดตัว) ตรวจเฉพาะผู้ป่วยชายเท่านั้น เพราะเกี่ยวข้องกับกล้ามเนื้อ cremaster ซึ่งพบเฉพาะเพศชาย [สไลด์]	topic6
ข้อ (joint) แบ่งตามโครงสร้างได้กี่ชนิด อะไรบ้าง พร้อมตัวอย่าง	3 ชนิด: (1) Synovial joint = มีเยื่อหุ้มข้อ กระดูกอ่อนผิวข้อ และช่องข้อที่มีน้ำหล่อลื่น เคลื่อนไหวได้มาก เช่น ข้อเข่า ข้อไหล่; (2) Cartilaginous joint = ข้อที่ประกอบด้วยกระดูกอ่อนเชื่อมกระดูก เช่น หมอนรองกระดูกสันหลัง เคลื่อนไหวได้จำกัด; (3) Fibrous joint = ข้อที่ยึดด้วยเนื้อเยื่อเกี่ยวพัน แทบไม่เคลื่อนไหว เช่น รอยต่อกะโหลกศีรษะ (suture) [สไลด์]	topic6
เวลาซักประวัติผู้ป่วยที่มีผื่นร่วมกับอาการปวดข้อ ผื่นรูปผีเสื้อที่แก้มและผื่นสะเก็ดเงินบ่งชี้โรคใด	ผื่นรูปผีเสื้อที่แก้ม (malar/butterfly rash) บ่งชี้ SLE (Systemic Lupus Erythematosus โรคแพ้ภูมิตัวเอง); ผื่นสะเก็ดเงิน (psoriasis) บ่งชี้ psoriatic arthritis (ข้ออักเสบสะเก็ดเงิน) การซักประวัติผื่นร่วมกับอาการข้อช่วยแยกว่าปวดข้อมาจากโรคภูมิคุ้มกันหรือไม่ นอกจากผื่นควรซักอาการข้อ (ปวดเฉียบพลัน/เรื้อรัง บวมแดงร้อน ไข้ ข้อติดแข็ง) กล้ามเนื้อ (ปวด ตะคริว ชา อ่อนแรง อัมพาต สั่น เกร็ง กระตุก ลีบ) และกระดูก (เดินลำบาก ปวดเวลาเคลื่อนไหว crepitus กระดูกผิดรูป) ด้วย [สไลด์]	topic6
ทักษะหลัก 4 อย่างในการตรวจร่างกายระบบกล้ามเนื้อและกระดูกมีอะไรบ้าง ROM แบบ Active กับ Passive ต่างกันอย่างไร	4 เทคนิคหลัก: 1) Inspection (การมองดู) 2) Palpation (การคลำ) 3) Range of Motion-ROM (พิสัยการเคลื่อนไหวข้อ) 4) Muscle strength (กำลังกล้ามเนื้อ) Active ROM = ผู้ป่วยเคลื่อนไหวข้อเอง; Passive ROM = ผู้ตรวจเป็นผู้เคลื่อนไหวข้อให้ ปกติควรเคลื่อนไหวได้เต็มพิสัย (full ROM) ทั้งสองแบบ ใช้ Goniometer (เครื่องวัดมุม) วัดค่า ROM เป็นตัวเลข ความผิดปกติที่ต้องสังเกตคือ ปวด เคลื่อนไหวจำกัด กล้ามเนื้อเกร็ง ข้อไม่มั่นคง ผิดรูป มีเสียงเสียดสี (crepitus) [สไลด์]	topic6
Bulge sign คืออะไร ใช้ตรวจอะไร ทำอย่างไร (เป็น special test เดียวที่สไลด์ MSK ระบุชัด)	Bulge sign ใช้ตรวจหาน้ำในข้อเข่า (knee effusion) วิธีทำ: ใช้มือข้างหนึ่งรีดน้ำจากแอ่งเหนือกระดูกสะบ้า (suprapatellar pouch) และด้านในของเข่าไล่ลงมา จากนั้นใช้มืออีกข้างกดลูบที่ด้านนอกของกระดูกสะบ้า ถ้ามีน้ำในข้อเข่าจริง ของเหลวจะถูกดันกลับไปทำให้เกิดอาการโป่ง (bulge) ที่ด้านในของเข่า เป็น special test เพียงอย่างเดียวที่สไลด์ MSK ระบุไว้ชัดเจน ข้อสอบชอบถามชื่อและวิธีทำ [สไลด์]	topic6
ท่าทางที่ใช้ในการตรวจ MSK แต่ละส่วนของร่างกาย (นั่ง นอน ยืน) ตรวจส่วนใดบ้าง	ท่านั่ง = ตรวจข้อขากรรไกร (TMJ) กระดูกสันหลังส่วนคอ ไหล่ ข้อศอก ข้อมือและนิ้วมือ; ท่านอน = ตรวจข้อสะโพก ข้อเข่า ข้อเท้าและนิ้วเท้า; ท่ายืน = ตรวจกระดูกสันหลังส่วนลำตัว (ดู spinal profile เช่น lordosis หลังแอ่น, kyphosis หลังค่อม, scoliosis หลังคด) หลักจำง่ายๆ: ส่วนบนของร่างกายตรวจท่านั่ง ส่วนขาตรวจท่านอน ส่วนลำตัว/แนวกระดูกสันหลังตรวจท่ายืนเพื่อดูผลของแรงโน้มถ่วงต่อแนวกระดูก [สไลด์+เสริม]	topic6
ทำไมต้องส่งตรวจทางห้องปฏิบัติการ (lab) ก่อนผ่าตัด ทั้งที่ผู้ป่วยไม่มีอาการผิดปกติ? อธิบายวัตถุประสงค์หลัก 4 ข้อ	1) ประเมินภาวะ/โรคที่มีอยู่แล้ว และค้นหาโรคแฝงที่ยังไม่แสดงอาการแต่มีปัจจัยเสี่ยง; 2) ประเมินความพร้อมก่อนให้ยาระงับความรู้สึก (anesthesia) ขึ้นกับอายุ โรคประจำตัว ชนิดผ่าตัด เพื่อลดความเสี่ยง; 3) ให้ข้อมูลเพิ่มที่ซักประวัติ/ตรวจร่างกายให้ไม่ได้; 4) ป้องกันการฟ้องร้องทางกฎหมาย [สไลด์]. หลักคิด: lab preop ไม่ใช่การคัดกรองโรคทั่วไปแบบ screening แต่เป็นการหาข้อมูลที่ "เปลี่ยนการตัดสินใจดมยา/ผ่าตัด" เท่านั้น [เสริม]	topic7
ผู้ป่วยก่อนผ่าตัดมีผล Hb (Hemoglobin) 6.5 g/dL พยาบาลควรทำอย่างไร และเพราะเหตุใดค่านี้จึงเป็นค่าวิกฤต?	ค่าวิกฤตของ Hb คือต่ำกว่า 7-8 g/dL ต้องหยุดการเตรียมผ่าตัดชั่วคราว และแจ้งแพทย์ทันทีเพื่อพิจารณาให้เลือดหรือเลื่อนผ่าตัด [สไลด์]. เหตุผล: ภาวะซีดรุนแรงทำให้เลือดขนออกซิเจน (oxygen carrying capacity) ต่ำ เมื่อร่วมกับการเสียเลือดระหว่างผ่าตัดและผลกดการไหลเวียนจากยาระงับความรู้สึก จะเสี่ยงต่อภาวะขาดออกซิเจนเนื้อเยื่อและหัวใจวายระหว่างผ่าตัด [สไลด์/เสริม]	topic7
เพราะเหตุใด Platelet count ต่ำกว่า 50,000/mm³ จึงถือเป็นค่าวิกฤตก่อนผ่าตัด และพยาบาลต้องเตรียมอะไร?	เสี่ยงต่อภาวะเลือดออกผิดปกติรุนแรง (hemorrhage) เพราะเกล็ดเลือด (platelet) มีหน้าที่อุดรอยฉีกขาดของหลอดเลือดระยะแรก (primary hemostasis) เมื่อต่ำมากจะห้ามเลือดไม่ได้แม้ผ่าตัดเล็ก พยาบาลต้องแจ้งแพทย์ทันที และเตรียมผลิตภัณฑ์เลือด (เกล็ดเลือด) ไว้ล่วงหน้า [สไลด์/เสริม]	topic7
ผู้ป่วยที่ไม่ได้ใช้ยาต้านการแข็งตัวของเลือด มีค่า INR 1.8 ก่อนผ่าตัด มีความหมายอย่างไร และพยาบาลควรทำอะไร?	INR สูงกว่า 1.5 ในผู้ไม่ใช้ยาถือเป็นค่าวิกฤต บ่งชี้เสี่ยงเลือดออกผิดปกติรุนแรง ต้องแจ้งแพทย์ทันทีและประเมินหาสาเหตุ เช่น การใช้ยาต้านการแข็งตัวของเลือดที่ไม่ได้แจ้ง หรือโรคตับ (เนื่องจากตับสร้าง clotting factor) [สไลด์/เสริม]	topic7
เพราะเหตุใดค่า Potassium (K+) ที่ต่ำกว่า 3.0 หรือสูงกว่า 6.0 mEq/L จึงอันตรายเป็นพิเศษเมื่อผู้ป่วยจะได้รับยาระงับความรู้สึก?	K+ ผิดปกติทั้งสูงและต่ำรบกวนศักย์ไฟฟ้าเยื่อเซลล์กล้ามเนื้อหัวใจ (cardiac membrane potential) เสี่ยงต่อภาวะหัวใจเต้นผิดจังหวะรุนแรง (arrhythmia) ซึ่งยาระงับความรู้สึกบางชนิดยิ่งกระตุ้นภาวะนี้ให้แย่ลง พยาบาลต้องแจ้งแพทย์ทันทีและเฝ้าระวัง EKG และสัญญาณชีพอย่างใกล้ชิด [สไลด์/เสริม]	topic7
Creatinine (Cr) สูงกว่า 2.5 mg/dL ก่อนผ่าตัดสำคัญอย่างไรต่อการวางแผนดูแล?	บ่งชี้ภาวะไตทำงานบกพร่อง (renal impairment) ซึ่งกระทบการกำจัดยาและสารน้ำออกจากร่างกาย ยาระงับความรู้สึกและยาอื่นที่ขับออกทางไตอาจสะสมเป็นพิษ พยาบาลต้องแจ้งแพทย์เพื่อพิจารณาปรับขนาดยาและวางแผนดูแลไตร่วมกับการผ่าตัด [สไลด์]	topic7
ผู้ป่วยมีระดับ Glucose (FBS) 320 mg/dL ก่อนผ่าตัด มีผลเสียอย่างไร และควรจัดการอย่างไร?	FBS สูงกว่า 300 mg/dL เป็นค่าวิกฤต เพิ่มความเสี่ยงติดเชื้อ แผลหายช้า (เพราะน้ำตาลสูงรบกวนการทำงานของเม็ดเลือดขาวและกระบวนการซ่อมแซมเนื้อเยื่อ) และเสี่ยงภาวะน้ำตาลสูงรุนแรงระหว่างผ่าตัด ต้องแจ้งแพทย์ อาจต้องเลื่อนผ่าตัดเพื่อควบคุมน้ำตาลก่อน [สไลด์/เสริม]	topic7
ผู้ป่วยกลุ่มใดควรได้รับการตรวจ EKG, Chest X-ray (CXR) และ Pregnancy test (Beta-hCG) เพิ่มเติมก่อนผ่าตัด?	EKG: ผู้มีประวัติโรคหัวใจ อาการผิดปกติที่หัวใจ หรือผู้สูงอายุ ≥60 ปี เพื่อประเมินภาวะหัวใจขาดเลือด/เต้นผิดจังหวะที่อาจกำเริบระหว่างดมยาสลบ. CXR: ผู้มีประวัติโรคปอด (COPD, หอบหืดรุนแรง), สูบบุหรี่จัด, มีอาการไอ/เสมหะ เพื่อประเมินปัญหาทางเดินหายใจที่อาจเป็นข้อห้ามผ่าตัด. Pregnancy test (Beta-hCG): ผู้ป่วยหญิงวัยเจริญพันธุ์ เพื่อความปลอดภัยของทารกในครรภ์จากยาระงับความรู้สึก [สไลด์]	topic7
การผ่าตัดแบบใดจัดเป็น Low surgical risk และแบบใดจัดเป็น High surgical risk ในผู้ป่วยเด็ก?	Low: ผ่าตัด/หัตถการที่ผิวหนัง เยื่อบุ หรือเนื้อเยื่อเกี่ยวพันตื้น เช่น circumcision, hernia repair, cystoscopy. High: ผ่าตัดที่เปิดโพรงร่างกาย (body cavity), เปิดชั้น fascia, ตัดอวัยวะออก หรือเสี่ยงเสียเลือดมาก (>10% ของปริมาตรเลือด หรือ >7 mL/kg) เช่น craniotomy, thoracotomy, tonsillectomy [สไลด์]	topic7
ผู้ป่วยเด็กอายุ 8 เดือน มีผล lab ปกติจากการตรวจเมื่อ 4 เดือนก่อน สามารถใช้ผลเดิมได้หรือไม่โดยไม่ต้องส่งใหม่?	แม้ทั่วไปยอมรับผลตรวจภายใน 6 เดือนโดยไม่ต้องส่งใหม่ (หากไม่มีข้อบ่งชี้เปลี่ยนแปลง) แต่ผู้ป่วยอายุ <1 ปี เป็นข้อยกเว้น ★ ต้องพิจารณาเป็นรายๆไป เนื่องจากทารกอายุน้อยมีการเปลี่ยนแปลงทางสรีรวิทยาเร็ว (เช่น Hb, การทำงานของตับ-ไตยังพัฒนาไม่เต็มที่) ค่า lab อาจเปลี่ยนแปลงเร็วกว่าเด็กโตหรือผู้ใหญ่ [สไลด์/เสริม]	topic7
เด็กที่มีประวัติ Thalassemia, Bleeding disorder และ Diabetes Mellitus ก่อนผ่าตัด ควรส่งตรวจ lab อะไรตามลำดับ?	Thalassemia → CBC. Bleeding disorder → CBC, PT, APTT. Diabetes Mellitus → BS (blood sugar), HbA1C, BUN, Creatinine, electrolytes [สไลด์]. หลักจำ: เลือกส่งตามพยาธิสภาพที่โรคนั้นกระทบระบบใด เช่น bleeding disorder ต้องดูการแข็งตัวของเลือด (coagulation) ไม่ใช่แค่ CBC [เสริม]	topic7
ทำไมการส่งตรวจ lab ก่อนผ่าตัดในผู้ใหญ่ (>15 ปี) ไม่สามารถใช้แทนการซักประวัติและตรวจร่างกายได้ และผู้ป่วยเบาหวานมีข้อยกเว้นเรื่องระยะเวลาผลตรวจอย่างไร?	Lab เป็นเพียงข้อมูลเสริม ต้องพิจารณาร่วมกับการซักประวัติ/ตรวจร่างกายที่สมบูรณ์เสมอ เพราะ lab ให้ภาพเพียงบางมุม ไม่ครอบคลุมอาการ/ความเสี่ยงทั้งหมดของผู้ป่วย ★ [สไลด์]. ทั่วไปยอมรับผลตรวจภายใน 6 เดือน แต่ FBS และ HbA1C ในผู้ป่วยเบาหวานต้องมีผลภายใน 3 เดือน ★ เพราะระดับน้ำตาลเปลี่ยนแปลงได้เร็วและกระทบการควบคุมระหว่างผ่าตัดโดยตรง [สไลด์/เสริม] — จุดนี้มักออกสอบเพราะสับสนกับเกณฑ์ 6 เดือนทั่วไป	topic7
การแบ่ง Surgical risk เป็น Low/Intermediate/High ในผู้ใหญ่มีไว้เพื่อจุดประสงค์ใด และแต่ละระดับคาดว่าเสียเลือดเท่าไร?	ใช้แบ่งกลุ่มเพื่อการส่งตรวจทางห้องปฏิบัติการเท่านั้น ★ ไม่ได้มุ่งประเมินความเสี่ยงการผ่าตัดโดยรวม (คนละเรื่องกับ ASA class หรือความเสี่ยงโดยรวมของผู้ป่วย) [สไลด์]. ปริมาณเลือดที่คาดว่าเสีย: Low <500 mL (หรือไม่ต้องขอเลือด), Intermediate 500-1500 mL, High >1500 mL [สไลด์]	topic7
ผู้ป่วยมีทั้งโรคไตและเบาหวานร่วมกัน ก่อนผ่าตัดควรส่งตรวจ lab ตามหลักเกณฑ์อย่างไร?	กรณีผู้ป่วยมีตั้งแต่ 2 สภาวะโรคขึ้นไป ให้ส่งตรวจตามผลรวมของทุกสภาวะ ★ (ไม่ใช่เลือกส่งเฉพาะโรคที่ดูรุนแรงที่สุด) เช่น ต้องส่งทั้งชุดของโรคไต (BUN, Creatinine, electrolytes) และชุดของเบาหวาน (BS, HbA1C) รวมกัน [สไลด์]	topic7
MSBOS คืออะไร และ Crossmatched blood, Autologous blood, Type and Screen (T/S) แตกต่างกันอย่างไร ใช้ในสถานการณ์ใด?	MSBOS (Maximum Surgical Blood Order Schedule) คือแนวทางกำหนดจำนวน unit เลือดสูงสุดที่ควรขอสำหรับการผ่าตัดแต่ละประเภท [สไลด์]. Crossmatched blood: ขอเมื่อผ่าตัดนั้นส่วนใหญ่เสียเลือดและคาดว่าต้องใช้เลือดจริง จำนวน unit ตาม MSBOS. Autologous blood: เลือดของผู้ป่วยเองที่บริจาคล่วงหน้า (นัดเจาะที่ blood bank) ใช้เมื่อผู้ป่วยผ่านเกณฑ์ preoperative autologous donation. Type and Screen (T/S): ตรวจกรุ๊ปเลือดและ screen antibody ไว้ก่อนแต่ยังไม่ crossmatch จริง ใช้เมื่อผ่าตัดส่วนใหญ่ไม่จำเป็นต้องใช้เลือด แต่แพทย์กังวลว่าอาจต้องใช้ [สไลด์]. จุดพลาดบ่อย: เข้าใจผิดว่า T/S กับ Crossmatch ใช้แทนกันได้ — จริงๆคนละสถานการณ์ (คาดว่าจะใช้เลือดจริง เทียบกับ แค่กังวลว่าอาจต้องใช้) ★	topic7
เพราะเหตุใดการทดสอบ Bleeding time จึงไม่แนะนำให้ใช้ประเมินภาวะเลือดออกผิดปกติก่อนผ่าตัดในปัจจุบัน?	แนวทางปัจจุบันไม่แนะนำให้ทำ Bleeding time test ก่อนผ่าตัด ★ [สไลด์] เพราะความไว (sensitivity) และความแม่นยำในการทำนายภาวะเลือดออกจริงระหว่างผ่าตัดต่ำ ผลตรวจแปรปรวนตามผู้ทำและเทคนิค การซักประวัติเลือดออกผิดปกติร่วมกับ PT/APTT/Platelet count ให้ข้อมูลที่เชื่อถือได้กว่า [เสริม]	topic7
การบันทึกทางการพยาบาลมีความสำคัญด้านใดบ้าง อธิบายแต่ละด้าน?	1) ด้านการพยาบาล: ประเมินผู้ป่วยครอบคลุมปัจจัยเสี่ยงตั้งแต่แรกรับ เห็นการเปลี่ยนแปลงภาวะผู้ป่วยตลอดกระบวนการ. 2) ด้านกฎหมาย: เป็นหลักฐานทางกฎหมายกรณีเกิดข้อพิพาท. 3) ด้านการสื่อสาร: สื่อสารระหว่างทีมสุขภาพเพื่อวางแผนดูแล. 4) ด้านคุณภาพ: ใช้ทบทวนคุณภาพการดูแลและประกันคุณภาพการพยาบาล นอกจากนี้ยังช่วยควบคุมค่าใช้จ่ายและใช้วิจัยทางคลินิก [สไลด์]. อ้างอิงตามกฎหมาย: ประกาศสภาการพยาบาล เรื่อง มาตรฐานการพยาบาล พ.ศ. 2562 [สไลด์]	topic7
หลัก 5C ของการบันทึกทางการพยาบาลที่มีคุณภาพมีอะไรบ้าง และมีจุดสังเกตอะไรเกี่ยวกับตัวย่อนี้?	Correct: ถูกต้อง เป็นจริง เชื่อถือได้ ต่อเนื่อง มีวันที่-เวลากำกับ บันทึกสิ่งที่สังเกตได้/ผู้ป่วยบอก ไม่ใส่ข้อสรุปหรืออคติส่วนตัว. Complete: ครบถ้วนเป็นระบบ ครอบคลุมกาย-จิต-อารมณ์-สังคม สอดคล้องกับภาวะโรค/การหัตถการ. Clear: ชัดเจน อ่านง่าย ใช้อักษรย่อสากล. Concise: กระชับ ตรงประเด็น ตามจริง. Sign: ลงนามผู้บันทึก แก้ไขต้องมีลายเซ็นกำกับ บันทึกทันทีหลังให้การพยาบาล [สไลด์]. ★ จุดสังเกต: ข้อสุดท้ายในสไลด์คือ Sign ไม่ใช่คำที่ขึ้นต้นด้วย C ตัวที่ 5 ต้องจำตามที่สไลด์ระบุตรงๆ ไม่ใช่สลับเป็นคำอื่น	topic7
รูปแบบการบันทึกทางการพยาบาลมีกี่แบบ อะไรบ้าง และ DAR ต่างจาก SOAPIE อย่างไร?	3 รูปแบบหลัก: Narrative (บันทึกตามลำดับเหตุการณ์), SOAP/SOAPIE (Subjective, Objective, Assessment, Plan, Intervention, Evaluation — ใช้บันทึกปัญหาสำคัญ), Focus Charting ใช้รูปแบบ DAR = Data, Action, Response โดยเน้นที่ปัญหา (Focus) [สไลด์]. ★ จุดพลาดบ่อย: DAR เป็นส่วนหนึ่งของ Focus Charting เน้นที่ Focus (ปัญหา/หัวข้อ) เป็นตัวตั้ง มีแค่ 3 องค์ประกอบ (D-A-R) ไม่ใช่ครบ 6 องค์ประกอบแบบ SOAPIE	topic7
จงยกตัวอย่างการบันทึกแบบ DAR (Focus Charting) สำหรับผู้ป่วยที่หยุดยา Warfarin ก่อนผ่าตัด โดยระบุ F, D, A, R	F (Focus): Risk for Bleeding related to Warfarin Use. D (Data): S: ผู้ป่วยแจ้งว่าหยุดยา Warfarin ตามแผน 5 วันแล้ว O: PT/PTT/INR ล่าสุด 26 วินาที/45 วินาที/1.2 (อยู่ในเกณฑ์ยอมรับได้). A (Action): ตรวจสอบผล INR ล่าสุดและยืนยันการหยุดยาตามแผน บันทึกใน Checklist และสื่อสารกับวิสัญญีแพทย์แล้ว. R (Response): ผู้ป่วยเข้าใจและพร้อมผ่าตัด ไม่มีร่องรอยเลือดออกผิดปกติ [สไลด์] ★	topic7
Focus History Checklist ในระยะก่อนผ่าตัด (Pre-operative) ต้องบันทึกประเด็นสำคัญอะไรบ้าง?	ต้องบันทึก: NPO Time ที่แน่นอน, โรคประจำตัว, ยาที่หยุดและยาที่ให้ต่อ, ประวัติการแพ้ยา, ASA Physical Status (ประเมินโดยแพทย์/วิสัญญีแพทย์), Airway Assessment โดยใช้ Mallampati Score, และการคัดกรองความเสี่ยง PONV (Postoperative Nausea and Vomiting) รวมถึงการใช้ยาต้านเกล็ดเลือด/ยาต้านการแข็งตัวของเลือด [สไลด์]. เหตุผลที่ต้องครบ: แต่ละหัวข้อเชื่อมโยงกับความเสี่ยงเฉพาะช่วงดมยา/ผ่าตัด เช่น Mallampati ทำนายความยากของการใส่ท่อช่วยหายใจ (difficult airway) [เสริม]	topic7
การบันทึกด้าน Informed Consent and Patient Education ในระยะก่อนผ่าตัดต้องครอบคลุมอะไร?	ต้องมี Surgical Consent, Anesthesia Consent และการให้ความรู้เกี่ยวกับขั้นตอนการผ่าตัดและภาวะแทรกซ้อนที่สำคัญแก่ผู้ป่วย/ญาติ [สไลด์]. ความสำคัญ: เป็นทั้งข้อกำหนดทางกฎหมายและเป็นส่วนหนึ่งของการเตรียมความพร้อมทางจิตใจผู้ป่วยก่อนผ่าตัด [เสริม]	topic7
เมื่อพบผล lab ที่ Abnormal หรือ Critical Value ก่อนผ่าตัด พยาบาลควรบันทึกอย่างไรให้ครบถ้วนตามหลักการ?	เน้นบันทึกเฉพาะผลที่ Abnormal หรือ Critical Value พร้อมการดำเนินการจัดการ เช่นตัวอย่าง: "แจ้ง ศ.พ. [ชื่อแพทย์] และ วส.พ. [ชื่อวิสัญญีแพทย์] ทราบแล้วที่เวลา 09:00 น. พร้อมคำสั่งการแก้ไข/เลื่อนผ่าตัด" [สไลด์]. หลักคิด: ต้องระบุ ใครแจ้งใคร เวลาใด ได้คำสั่งอะไร ครบทุกองค์ประกอบ เพื่อเป็นหลักฐานว่าได้ปฏิบัติตามมาตรฐานความปลอดภัย สอดคล้องกับหลัก Correct และ Sign ใน 5C [เสริม]	topic7
องค์ประกอบสำคัญของ Pre-Op Checklist and Hand-off ก่อนส่งผู้ป่วยเข้าห้องผ่าตัดมีอะไรบ้าง?	Site marking: ยืนยัน Right Patient, Right Procedure, Right Site. Preparation: เตรียมผิวหนัง/บริเวณผ่าตัด (site prep), ถอดเครื่องประดับ/ฟันปลอม/คอนแทคเลนส์, ให้ยา pre-medication ถ้ามี. Documentation on Checklist: บันทึกความครบถ้วนของเอกสาร (consent, lab, EKG/CXR) และความพร้อมทางกายภาพ (NPO status, การสวนปัสสาวะ). Hand-off: สื่อสารข้อมูลสำคัญของผู้ป่วยด้วย SBAR/ISBAR กับทีมห้องผ่าตัด [สไลด์]	topic7
ในระยะผ่าตัด (Intra-operative) เหตุใดการ "ตรวจนับ (Count)" ผ้า เข็ม เครื่องมือ จึงต้องบันทึกไว้เสมอ?	ต้องบันทึกการนับผ้า เข็ม เครื่องมือร่วมกับทีมผ่าตัดทุกครั้ง ★ [สไลด์] เพื่อป้องกันการหลงเหลือสิ่งแปลกปลอม (retained surgical item) ในตัวผู้ป่วยหลังปิดแผล ซึ่งเป็นความเสี่ยงร้ายแรงทางความปลอดภัยผู้ป่วยและเป็นหลักฐานทางกฎหมายสำคัญหากเกิดข้อพิพาท [สไลด์/เสริม]. นอกจากนี้ intra-op record ยังต้องบันทึกวิธีระงับความรู้สึก การจัดท่าผ่าตัดและอุปกรณ์ป้องกันแผลกดทับ/เส้นประสาทบาดเจ็บ รวมถึงรายละเอียดการผ่าตัดและปริมาณเลือดที่เสีย [สไลด์]	topic7
Aldrete/Modified Aldrete Score และ PADSS Score ใช้ในบริบทใด และแตกต่างกันอย่างไร?	Aldrete/Modified Aldrete Score: ใช้ใน PACU (recovery room) ประเมินและบันทึกคะแนนเป็นระยะเพื่อติดตามการฟื้นตัวจากยาระงับความรู้สึก ใช้เป็นเกณฑ์ตัดสินใจย้ายผู้ป่วยออกจาก PACU ★ [สไลด์]. PADSS (Postanesthesia Discharge Scoring System) Score: ใช้เป็นหนึ่งในเกณฑ์การจำหน่ายผู้ป่วยกลับบ้าน (Discharge Checklist) ร่วมกับ pain control, no bleeding, able to void ★ [สไลด์]. สรุป: Aldrete ตัดสินย้ายจาก PACU ไปหอผู้ป่วย/บ้าน ส่วน PADSS เน้นเกณฑ์ความพร้อมกลับบ้านโดยเฉพาะ มักใช้ในผู้ป่วยผ่าตัดแบบวันเดียวกลับ (ODS) [เสริม]	topic7
การบันทึกก่อนจำหน่ายผู้ป่วยผ่าตัดแบบวันเดียวกลับ (ODS - One Day Surgery) ต้องมีองค์ประกอบอะไรบ้าง?	Discharge Checklist (เกณฑ์การจำหน่าย เช่น PADSS/Aldrete Score, Pain control, No bleeding, Able to void), Discharge Information (ภาวะแทรกซ้อนต่อเนื่อง, คำแนะนำการดูแลแผล/สัญญาณอันตราย/ข้อจำกัดกิจกรรม, การมาตรวจตามนัด, หมายเลขโทรศัพท์ฉุกเฉิน), และ Responsible Adult (บันทึกชื่อ/ลายเซ็นผู้ดูแลที่มารับกลับบ้าน) [สไลด์]. หลักคิด: ผู้ป่วย ODS กลับบ้านเร็วโดยไม่มีพยาบาลเฝ้าต่อ จึงต้องมีผู้ดูแลที่รับผิดชอบและข้อมูลติดต่อฉุกเฉินชัดเจนกว่าผู้ป่วยนอนโรงพยาบาลต่อ [เสริม]	topic7
SBAR คืออะไร มีองค์ประกอบอะไร และมีประโยชน์ 3 ด้านอย่างไรในการส่งต่อผู้ป่วย?	SBAR = Situation, Background, Assessment, Recommendation เป็นเทคนิคการสื่อสารที่เป็นระบบมีโครงสร้างชัดเจน ใช้ได้ทั้งวาจา (ส่งเวร/ปรึกษา) และบันทึกในเวชระเบียน เช่นตอนส่งต่อผู้ป่วยจาก PACU ไปหอผู้ป่วย [สไลด์]. ประโยชน์: 1) ความปลอดภัยผู้ป่วย ลดความคลาดเคลื่อนในการสื่อสาร 2) ประสิทธิภาพ ข้อมูลครบถ้วนตรงประเด็นเข้าใจง่าย 3) ความต่อเนื่องของการดูแล ทีมเข้าใจสถานการณ์ผู้ป่วยได้รวดเร็ว ★ [สไลด์]	topic7
แบบบันทึกทางการพยาบาลเฉพาะทางในหน่วยงานปริศัลยกรรมมีลักษณะอย่างไร ยกตัวอย่างประเภทแบบบันทึก?	ตัวอย่าง: Perioperative nursing record, Perioperative obstetric neonatal nursing record, Catheterization laboratory nursing record, Investigation procedure nursing assessment record, Ambulance record form, Hemodialysis nursing assessment and intervention form, Chemotherapy/blood transfusion nursing record [สไลด์]. ลักษณะร่วม: ส่วนใหญ่เป็นแบบ Checklist แบ่งตามระยะ (Pre-op in waiting area / Intra-op in Operating room / Post-op in Recovery room) มีความต่อเนื่อง สื่อสารข้อมูลได้ดี ผสมผสานระหว่าง OR documents และ Focus charting ★ จุดพลาดบ่อย: เข้าใจผิดว่าเป็น Narrative ล้วน	topic7
โรงพยาบาลศิริราชเริ่มใช้ Focus charting record ในการบันทึกทางการพยาบาลตั้งแต่ปี พ.ศ. ใด และเน้นอะไรเป็นศูนย์กลาง?	เริ่มใช้ พ.ศ. 2551 ★ [สไลด์] มุ่งเน้นผู้ป่วยเป็นศูนย์กลาง (patient-centered) ในประเด็นสภาวะสุขภาพปัจจุบันของผู้ป่วย การเปลี่ยนแปลง และการตอบสนองของผู้ป่วยต่อการดูแลรักษา [สไลด์] (อ้างอิง: สาวิตรี และคณะ, วารสารโรงพยาบาลมหาสารคาม 2565)	topic7
ก่อนและหลังการพัฒนาบันทึกทางการพยาบาลโดยใช้กระบวนการพยาบาล มีความแตกต่างกันอย่างไร?	ก่อนพัฒนา: พยาบาลขาดความเข้าใจหลักการบันทึก เนื้อหาขาดความสมบูรณ์และความสอดคล้องกัน มองไม่เห็นการใช้กระบวนการพยาบาลอย่างต่อเนื่อง. หลังพัฒนา: บันทึกสมบูรณ์ขึ้นในส่วนการประเมินสภาพผู้ป่วยแรกรับ การวางแผนจำหน่าย ถูกต้องตามกฎหมาย และบันทึกความก้าวหน้าทางการพยาบาล/กิจกรรมประจำวันได้ดีขึ้น [สไลด์]. หลักคิด: บันทึกที่ดีต้องสะท้อนกระบวนการพยาบาล (nursing process) ครบทั้ง assessment-diagnosis-plan-implementation-evaluation ไม่ใช่แค่จดบันทึกเหตุการณ์ [เสริม]	topic7